,Feature Name,Importance,Standard Deviation
1851,Frame29_INDEX_FINGER_TIP_x,0.015783534,0.070899008
1839,Frame29_THUMB_TIP_x,0.01481369,0.065931392
1836,Frame29_THUMB_IP_x,0.010789749,0.056340882
1788,Frame28_INDEX_FINGER_TIP_x,0.010718636,0.05669452
1797,Frame28_MIDDLE_FINGER_DIP_x,0.010511293,0.057743662
1782,Frame28_INDEX_FINGER_PIP_x,0.010222597,0.055474039
1845,Frame29_INDEX_FINGER_PIP_x,0.010143872,0.056408195
1848,Frame29_INDEX_FINGER_DIP_x,0.009801612,0.054994971
1725,Frame27_INDEX_FINGER_TIP_x,0.009666695,0.053956696
1722,Frame27_INDEX_FINGER_DIP_x,0.009144682,0.052533678
1776,Frame28_THUMB_TIP_x,0.009077826,0.052203252
1662,Frame26_INDEX_FINGER_TIP_x,0.008978603,0.053885726
1863,Frame29_MIDDLE_FINGER_TIP_x,0.008636127,0.052493088
1737,Frame27_MIDDLE_FINGER_TIP_x,0.00806901,0.051332386
1596,Frame25_INDEX_FINGER_DIP_x,0.00801228,0.049125099
21,Frame0_INDEX_FINGER_DIP_x,0.007856242,0.046211868
1593,Frame25_INDEX_FINGER_PIP_x,0.00784136,0.049040969
1800,Frame28_MIDDLE_FINGER_TIP_x,0.007654002,0.048282469
1650,Frame26_THUMB_TIP_x,0.007599912,0.048011104
1656,Frame26_INDEX_FINGER_PIP_x,0.007511343,0.047860328
1671,Frame26_MIDDLE_FINGER_DIP_x,0.007321281,0.048138786
1734,Frame27_MIDDLE_FINGER_DIP_x,0.007183069,0.048698461
1785,Frame28_INDEX_FINGER_DIP_x,0.007016921,0.045859711
1773,Frame28_THUMB_IP_x,0.007011276,0.04549128
1659,Frame26_INDEX_FINGER_DIP_x,0.006973299,0.045786426
1713,Frame27_THUMB_TIP_x,0.006923318,0.044350658
1842,Frame29_INDEX_FINGER_MCP_x,0.006764061,0.045790997
1860,Frame29_MIDDLE_FINGER_DIP_x,0.006720884,0.047052273
1779,Frame28_INDEX_FINGER_MCP_x,0.00634271,0.045343268
87,Frame1_INDEX_FINGER_TIP_x,0.006262537,0.041180404
1674,Frame26_MIDDLE_FINGER_TIP_x,0.006182448,0.044798253
81,Frame1_INDEX_FINGER_PIP_x,0.006177566,0.040566461
1719,Frame27_INDEX_FINGER_PIP_x,0.005925453,0.043276386
15,Frame0_INDEX_FINGER_MCP_x,0.005804934,0.040215812
1857,Frame29_MIDDLE_FINGER_PIP_x,0.005789053,0.043923344
144,Frame2_INDEX_FINGER_PIP_x,0.00569826,0.038190659
1710,Frame27_THUMB_IP_x,0.005656122,0.039717976
33,Frame0_MIDDLE_FINGER_DIP_x,0.005421912,0.038464871
18,Frame0_INDEX_FINGER_PIP_x,0.005382311,0.038749366
1644,Frame26_THUMB_MCP_x,0.005310252,0.04221265
147,Frame2_INDEX_FINGER_DIP_x,0.005271735,0.037587332
1716,Frame27_INDEX_FINGER_MCP_x,0.00523215,0.041326749
1833,Frame29_THUMB_MCP_x,0.005210756,0.038569295
36,Frame0_MIDDLE_FINGER_TIP_x,0.005184034,0.038224944
1548,Frame24_MIDDLE_FINGER_TIP_x,0.00515526,0.039589568
30,Frame0_MIDDLE_FINGER_PIP_x,0.005015158,0.035812507
24,Frame0_INDEX_FINGER_TIP_x,0.004956667,0.036370594
1647,Frame26_THUMB_IP_x,0.004946771,0.037756696
1533,Frame24_INDEX_FINGER_DIP_x,0.004824704,0.037840768
96,Frame1_MIDDLE_FINGER_DIP_x,0.004823758,0.036655576
1608,Frame25_MIDDLE_FINGER_DIP_x,0.004781059,0.037018171
93,Frame1_MIDDLE_FINGER_PIP_x,0.004375514,0.033546569
1770,Frame28_THUMB_MCP_x,0.004198942,0.035619675
1749,Frame27_RING_FINGER_TIP_x,0.004157343,0.035000845
1587,Frame25_THUMB_TIP_x,0.004133416,0.032763447
1536,Frame24_INDEX_FINGER_TIP_x,0.004126898,0.035251447
207,Frame3_INDEX_FINGER_PIP_x,0.004123856,0.033693932
1599,Frame25_INDEX_FINGER_TIP_x,0.004109047,0.034850912
72,Frame1_THUMB_IP_x,0.004068778,0.03078972
9,Frame0_THUMB_IP_x,0.004024747,0.032002815
1545,Frame24_MIDDLE_FINGER_DIP_x,0.003952583,0.035248906
1731,Frame27_MIDDLE_FINGER_PIP_x,0.003934609,0.035648187
1668,Frame26_MIDDLE_FINGER_PIP_x,0.003903662,0.033709638
1653,Frame26_INDEX_FINGER_MCP_x,0.003826657,0.034725441
1791,Frame28_MIDDLE_FINGER_MCP_x,0.003778676,0.034332985
1611,Frame25_MIDDLE_FINGER_TIP_x,0.003767497,0.033601854
141,Frame2_INDEX_FINGER_MCP_x,0.00374564,0.030994493
84,Frame1_INDEX_FINGER_DIP_x,0.003722873,0.03116003
12,Frame0_THUMB_TIP_x,0.003711417,0.030200244
1584,Frame25_THUMB_IP_x,0.003648263,0.030359536
1485,Frame23_MIDDLE_FINGER_TIP_x,0.003499172,0.032436937
1875,Frame29_RING_FINGER_TIP_x,0.003479389,0.033176754
1794,Frame28_MIDDLE_FINGER_PIP_x,0.003391847,0.033418713
132,Frame2_THUMB_MCP_x,0.003349559,0.027739381
1812,Frame28_RING_FINGER_TIP_x,0.00331887,0.032415611
1542,Frame24_MIDDLE_FINGER_PIP_x,0.003230314,0.030635072
1707,Frame27_THUMB_MCP_x,0.003226415,0.028887351
78,Frame1_INDEX_FINGER_MCP_x,0.003217881,0.028964172
6,Frame0_THUMB_MCP_x,0.00321465,0.028433318
1524,Frame24_THUMB_TIP_x,0.003083658,0.027975963
1470,Frame23_INDEX_FINGER_DIP_x,0.003058313,0.029815686
1527,Frame24_INDEX_FINGER_MCP_x,0.003037514,0.02791559
1530,Frame24_INDEX_FINGER_PIP_x,0.003014844,0.028580094
1398,Frame22_THUMB_TIP_x,0.002826784,0.026608054
273,Frame4_INDEX_FINGER_DIP_x,0.002783377,0.024927283
1461,Frame23_THUMB_TIP_x,0.002726624,0.025075046
198,Frame3_THUMB_IP_x,0.002721769,0.024659171
150,Frame2_INDEX_FINGER_TIP_x,0.002638258,0.025353245
210,Frame3_INDEX_FINGER_DIP_x,0.002633457,0.025146298
1404,Frame22_INDEX_FINGER_PIP_x,0.002619913,0.026777445
135,Frame2_THUMB_IP_x,0.002569926,0.023309533
1473,Frame23_INDEX_FINGER_TIP_x,0.002474519,0.026206772
156,Frame2_MIDDLE_FINGER_PIP_x,0.002436783,0.023864481
1284,Frame20_INDEX_FINGER_TIP_x,0.002333249,0.024503161
138,Frame2_THUMB_TIP_x,0.00231449,0.022470762
1767,Frame28_THUMB_CMC_x,0.002300111,0.025597307
204,Frame3_INDEX_FINGER_MCP_x,0.002298495,0.023934618
1344,Frame21_INDEX_FINGER_DIP_x,0.00225268,0.024191656
1392,Frame22_THUMB_MCP_x,0.002200689,0.02517357
99,Frame1_MIDDLE_FINGER_TIP_x,0.002179075,0.02324181
1728,Frame27_MIDDLE_FINGER_MCP_x,0.002171693,0.025387158
1458,Frame23_THUMB_IP_x,0.002152745,0.021915958
225,Frame3_MIDDLE_FINGER_TIP_x,0.002118668,0.022941143
75,Frame1_THUMB_TIP_x,0.002110017,0.022025301
1590,Frame25_INDEX_FINGER_MCP_x,0.002074123,0.024238575
1410,Frame22_INDEX_FINGER_TIP_x,0.002063324,0.022406449
162,Frame2_MIDDLE_FINGER_TIP_x,0.002059575,0.022208456
1467,Frame23_INDEX_FINGER_PIP_x,0.002004758,0.022727244
1686,Frame26_RING_FINGER_TIP_x,0.002003129,0.024834106
1518,Frame24_THUMB_MCP_x,0.002001083,0.022585075
159,Frame2_MIDDLE_FINGER_DIP_x,0.001983135,0.022652476
1482,Frame23_MIDDLE_FINGER_DIP_x,0.001982302,0.024069307
69,Frame1_THUMB_MCP_x,0.001927067,0.02130279
1623,Frame25_RING_FINGER_TIP_x,0.001895335,0.022983854
1407,Frame22_INDEX_FINGER_DIP_x,0.001894293,0.021580258
195,Frame3_THUMB_MCP_x,0.001874552,0.020326235
1395,Frame22_THUMB_IP_x,0.001863535,0.019207181
3,Frame0_THUMB_CMC_x,0.001840006,0.021249887
1419,Frame22_MIDDLE_FINGER_DIP_x,0.001838782,0.023008414
1347,Frame21_INDEX_FINGER_TIP_x,0.001835644,0.021242867
1605,Frame25_MIDDLE_FINGER_PIP_x,0.001807494,0.023860553
1704,Frame27_THUMB_CMC_x,0.001763519,0.023183446
1341,Frame21_INDEX_FINGER_PIP_x,0.001743242,0.019377442
1872,Frame29_RING_FINGER_DIP_x,0.001683158,0.01975943
213,Frame3_INDEX_FINGER_TIP_x,0.001663279,0.020541115
1455,Frame23_THUMB_MCP_x,0.001651309,0.018268483
1521,Frame24_THUMB_IP_x,0.001612074,0.018375284
1683,Frame26_RING_FINGER_DIP_x,0.00156458,0.02052829
66,Frame1_THUMB_CMC_x,0.001538796,0.018888657
1641,Frame26_THUMB_CMC_x,0.001517594,0.019456389
1830,Frame29_THUMB_CMC_x,0.001470788,0.020558638
222,Frame3_MIDDLE_FINGER_DIP_x,0.001458864,0.018147584
27,Frame0_MIDDLE_FINGER_MCP_x,0.001456132,0.017256115
276,Frame4_INDEX_FINGER_TIP_x,0.0013861,0.017900385
1809,Frame28_RING_FINGER_DIP_x,0.001375073,0.019211226
1422,Frame22_MIDDLE_FINGER_TIP_x,0.001366477,0.017742612
1591,Frame25_INDEX_FINGER_MCP_y,0.001364022,0.009638593
264,Frame4_THUMB_TIP_x,0.001357292,0.014643187
339,Frame5_INDEX_FINGER_TIP_x,0.001317697,0.013887198
1477,Frame23_MIDDLE_FINGER_MCP_y,0.001297646,0.008481666
1464,Frame23_INDEX_FINGER_MCP_x,0.001284453,0.017842154
1557,Frame24_RING_FINGER_DIP_x,0.001284394,0.019527176
1578,Frame25_THUMB_CMC_x,0.001277877,0.017802356
1665,Frame26_MIDDLE_FINGER_MCP_x,0.001263815,0.018867968
1603,Frame25_MIDDLE_FINGER_MCP_y,0.001256774,0.009411614
288,Frame4_MIDDLE_FINGER_TIP_x,0.001239208,0.016210042
1332,Frame21_THUMB_IP_x,0.001236629,0.014123683
1359,Frame21_MIDDLE_FINGER_TIP_x,0.001217829,0.0162852
1511,Frame23_PINKY_TIP_z,0.001202328,0.008276495
1680,Frame26_RING_FINGER_PIP_x,0.00119598,0.017163525
1269,Frame20_THUMB_IP_x,0.001181447,0.011002629
201,Frame3_THUMB_TIP_x,0.001175402,0.014824095
1560,Frame24_RING_FINGER_TIP_x,0.001158249,0.016991717
1479,Frame23_MIDDLE_FINGER_PIP_x,0.001136555,0.016295736
1528,Frame24_INDEX_FINGER_MCP_y,0.001132761,0.008183105
1581,Frame25_THUMB_MCP_x,0.001123897,0.015483318
258,Frame4_THUMB_MCP_x,0.001111151,0.013295749
1654,Frame26_INDEX_FINGER_MCP_y,0.001082558,0.008177561
1602,Frame25_MIDDLE_FINGER_MCP_x,0.001076752,0.016961283
108,Frame1_RING_FINGER_DIP_x,0.001061243,0.012690241
1854,Frame29_MIDDLE_FINGER_MCP_x,0.001056653,0.018035118
1499,Frame23_RING_FINGER_TIP_z,0.001047988,0.008007949
129,Frame2_THUMB_CMC_x,0.001038931,0.014059758
460,Frame7_INDEX_FINGER_PIP_y,0.001024259,0.007059515
1633,Frame25_PINKY_DIP_y,0.001011098,0.007721026
336,Frame5_INDEX_FINGER_DIP_x,0.001005683,0.013425172
1329,Frame21_THUMB_MCP_x,0.00098695,0.012330361
1465,Frame23_INDEX_FINGER_MCP_y,0.000955427,0.007790131
1281,Frame20_INDEX_FINGER_DIP_x,0.000934768,0.014689562
174,Frame2_RING_FINGER_TIP_x,0.000933448,0.01263133
219,Frame3_MIDDLE_FINGER_PIP_x,0.00092759,0.013353224
321,Frame5_THUMB_MCP_x,0.000899664,0.012040712
192,Frame3_THUMB_CMC_x,0.000899196,0.012966203
111,Frame1_RING_FINGER_TIP_x,0.00088556,0.013321025
1636,Frame25_PINKY_TIP_y,0.000878432,0.006923603
512,Frame8_THUMB_MCP_z,0.000874854,0.00669242
1416,Frame22_MIDDLE_FINGER_PIP_x,0.0008576,0.012896431
1335,Frame21_THUMB_TIP_x,0.000856169,0.010330672
1489,Frame23_RING_FINGER_MCP_y,0.000855496,0.006840973
324,Frame5_THUMB_IP_x,0.000827973,0.010326527
415,Frame6_MIDDLE_FINGER_TIP_y,0.000826544,0.006503167
1206,Frame19_THUMB_IP_x,0.000821345,0.009022754
1272,Frame20_THUMB_TIP_x,0.000819343,0.013328277
261,Frame4_THUMB_IP_x,0.000818847,0.009871727
1445,Frame22_PINKY_DIP_z,0.000810424,0.007082661
403,Frame6_INDEX_FINGER_TIP_y,0.00080907,0.006164269
896,Frame14_THUMB_TIP_z,0.000798017,0.005514891
571,Frame9_THUMB_CMC_y,0.000796336,0.006795488
270,Frame4_INDEX_FINGER_PIP_x,0.000789565,0.01131755
1540,Frame24_MIDDLE_FINGER_MCP_y,0.000789348,0.006545975
216,Frame3_MIDDLE_FINGER_MCP_x,0.000770441,0.011401485
526,Frame8_INDEX_FINGER_DIP_y,0.000768748,0.006116484
718,Frame11_INDEX_FINGER_TIP_y,0.000766171,0.006380671
395,Frame6_INDEX_FINGER_MCP_z,0.000762214,0.005826252
1448,Frame22_PINKY_TIP_z,0.000756463,0.006177472
1627,Frame25_PINKY_MCP_y,0.000753819,0.006603522
402,Frame6_INDEX_FINGER_TIP_x,0.000746855,0.011095962
300,Frame4_RING_FINGER_TIP_x,0.00074629,0.011081686
1746,Frame27_RING_FINGER_DIP_x,0.000740554,0.013548064
1678,Frame26_RING_FINGER_MCP_y,0.000731945,0.006672835
473,Frame7_MIDDLE_FINGER_PIP_z,0.000730048,0.006108981
703,Frame11_THUMB_IP_y,0.000724005,0.005803443
1696,Frame26_PINKY_DIP_y,0.000721758,0.006760519
458,Frame7_INDEX_FINGER_MCP_z,0.000718113,0.006284838
1806,Frame28_RING_FINGER_PIP_x,0.000715605,0.014129991
1515,Frame24_THUMB_CMC_x,0.000713755,0.013601821
706,Frame11_THUMB_TIP_y,0.000709526,0.005941503
1615,Frame25_RING_FINGER_MCP_y,0.000699784,0.006611457
1221,Frame19_INDEX_FINGER_TIP_x,0.000694602,0.011356471
237,Frame3_RING_FINGER_TIP_x,0.000681879,0.011530123
462,Frame7_INDEX_FINGER_DIP_x,0.000678118,0.007809881
1869,Frame29_RING_FINGER_PIP_x,0.000675071,0.01271016
1497,Frame23_RING_FINGER_TIP_x,0.000671958,0.013155268
616,Frame9_RING_FINGER_TIP_y,0.000666069,0.005032198
523,Frame8_INDEX_FINGER_PIP_y,0.000662716,0.004649079
509,Frame8_THUMB_CMC_z,0.000660924,0.005909217
423,Frame6_RING_FINGER_DIP_x,0.000659509,0.005558683
1620,Frame25_RING_FINGER_DIP_x,0.000656691,0.013709689
1543,Frame24_MIDDLE_FINGER_PIP_y,0.00065087,0.006225213
1552,Frame24_RING_FINGER_MCP_y,0.000650787,0.006575516
1573,Frame24_PINKY_TIP_y,0.000650542,0.006214699
1278,Frame20_INDEX_FINGER_PIP_x,0.000649687,0.010411644
1308,Frame20_RING_FINGER_TIP_x,0.000647869,0.011030075
1666,Frame26_MIDDLE_FINGER_MCP_y,0.000646541,0.006290286
234,Frame3_RING_FINGER_DIP_x,0.000630592,0.00866909
1574,Frame24_PINKY_TIP_z,0.000612959,0.005444906
407,Frame6_MIDDLE_FINGER_MCP_z,0.000611175,0.004982261
1685,Frame26_RING_FINGER_DIP_z,0.000609981,0.00536683
1215,Frame19_INDEX_FINGER_PIP_x,0.000608075,0.011818375
387,Frame6_THUMB_IP_x,0.000607493,0.00732437
1630,Frame25_PINKY_PIP_y,0.000606839,0.00577394
1606,Frame25_MIDDLE_FINGER_PIP_y,0.000599291,0.005914521
1688,Frame26_RING_FINGER_TIP_z,0.000598876,0.005856048
397,Frame6_INDEX_FINGER_PIP_y,0.000598046,0.005352297
843,Frame13_INDEX_FINGER_TIP_x,0.000594086,0.005293567
1484,Frame23_MIDDLE_FINGER_DIP_z,0.000591397,0.005197656
279,Frame4_MIDDLE_FINGER_MCP_x,0.000587368,0.007549698
1684,Frame26_RING_FINGER_DIP_y,0.000587153,0.005440802
1537,Frame24_INDEX_FINGER_TIP_y,0.000586597,0.005850087
1356,Frame21_MIDDLE_FINGER_DIP_x,0.000586325,0.011086714
643,Frame10_THUMB_TIP_y,0.000584551,0.005050793
1555,Frame24_RING_FINGER_PIP_y,0.000581589,0.006016395
1504,Frame23_PINKY_PIP_y,0.000579636,0.005648176
1759,Frame27_PINKY_DIP_y,0.000574712,0.006260485
781,Frame12_INDEX_FINGER_TIP_y,0.000573366,0.005458756
90,Frame1_MIDDLE_FINGER_MCP_x,0.000572057,0.009949666
700,Frame11_THUMB_MCP_y,0.000568278,0.005208623
712,Frame11_INDEX_FINGER_PIP_y,0.000568081,0.005366413
1570,Frame24_PINKY_DIP_y,0.000567049,0.005600232
652,Frame10_INDEX_FINGER_DIP_y,0.000562113,0.005144057
521,Frame8_INDEX_FINGER_MCP_z,0.000559393,0.005073251
1567,Frame24_PINKY_PIP_y,0.000559036,0.005460723
1624,Frame25_RING_FINGER_TIP_y,0.000558824,0.006040662
775,Frame12_INDEX_FINGER_PIP_y,0.000551564,0.005082542
836,Frame13_INDEX_FINGER_MCP_z,0.000551043,0.005549876
890,Frame14_THUMB_MCP_z,0.00054767,0.005094564
1494,Frame23_RING_FINGER_DIP_x,0.00054529,0.009530296
586,Frame9_INDEX_FINGER_PIP_y,0.000540773,0.004913347
1426,Frame22_RING_FINGER_MCP_y,0.00053671,0.004899162
772,Frame12_INDEX_FINGER_MCP_y,0.000534488,0.004818398
1245,Frame19_RING_FINGER_TIP_x,0.000534334,0.0083103
553,Frame8_RING_FINGER_TIP_y,0.000532305,0.004011515
580,Frame9_THUMB_TIP_y,0.000531605,0.004645131
1564,Frame24_PINKY_MCP_y,0.000528059,0.00571266
745,Frame11_PINKY_MCP_y,0.000525989,0.0049238
1672,Frame26_MIDDLE_FINGER_DIP_y,0.000525473,0.005414681
1762,Frame27_PINKY_TIP_y,0.00052483,0.005278922
1495,Frame23_RING_FINGER_DIP_y,0.000521699,0.005243552
1152,Frame18_INDEX_FINGER_PIP_x,0.000520776,0.00975095
1753,Frame27_PINKY_MCP_y,0.000519236,0.005374579
1496,Frame23_RING_FINGER_DIP_z,0.000518481,0.005123048
461,Frame7_INDEX_FINGER_PIP_z,0.000513746,0.00435409
679,Frame10_RING_FINGER_TIP_y,0.000511979,0.004603601
1549,Frame24_MIDDLE_FINGER_TIP_y,0.000511624,0.00532832
508,Frame8_THUMB_CMC_y,0.000510705,0.004645119
1475,Frame23_INDEX_FINGER_TIP_z,0.000510155,0.005241451
352,Frame5_MIDDLE_FINGER_TIP_y,0.00050989,0.005305117
1508,Frame23_PINKY_DIP_z,0.000506518,0.005124375
1476,Frame23_MIDDLE_FINGER_MCP_x,0.000505975,0.010026986
568,Frame9_WRIST_y,0.000503837,0.005014204
1079,Frame17_THUMB_MCP_z,0.000501654,0.004218504
1209,Frame19_THUMB_TIP_x,0.000501227,0.00660163
905,Frame14_INDEX_FINGER_DIP_z,0.00050101,0.005120876
1600,Frame25_INDEX_FINGER_TIP_y,0.000501002,0.005126955
351,Frame5_MIDDLE_FINGER_TIP_x,0.00050058,0.009084758
893,Frame14_THUMB_IP_z,0.000496226,0.004209255
1487,Frame23_MIDDLE_FINGER_TIP_z,0.000496028,0.005665998
908,Frame14_INDEX_FINGER_TIP_z,0.000495639,0.005379029
1546,Frame24_MIDDLE_FINGER_DIP_y,0.000495168,0.004893139
763,Frame12_THUMB_MCP_y,0.000492976,0.004894147
399,Frame6_INDEX_FINGER_DIP_x,0.000486833,0.009564685
345,Frame5_MIDDLE_FINGER_PIP_x,0.000485443,0.007736215
589,Frame9_INDEX_FINGER_DIP_y,0.000482882,0.004570048
1348,Frame21_INDEX_FINGER_TIP_y,0.000482351,0.005063265
601,Frame9_MIDDLE_FINGER_DIP_y,0.00048197,0.004613705
1393,Frame22_THUMB_MCP_y,0.000478473,0.004322092
1365,Frame21_RING_FINGER_PIP_x,0.000475098,0.00803799
1480,Frame23_MIDDLE_FINGER_PIP_y,0.00047462,0.005085667
330,Frame5_INDEX_FINGER_MCP_x,0.000474525,0.007315477
267,Frame4_INDEX_FINGER_MCP_x,0.000473234,0.008545415
733,Frame11_RING_FINGER_MCP_y,0.000471646,0.004506907
400,Frame6_INDEX_FINGER_DIP_y,0.00047146,0.004847646
1747,Frame27_RING_FINGER_DIP_y,0.000468921,0.005393357
515,Frame8_THUMB_IP_z,0.000467566,0.004954726
1695,Frame26_PINKY_DIP_x,0.000467561,0.00864303
528,Frame8_INDEX_FINGER_TIP_x,0.000464694,0.00512364
1083,Frame17_THUMB_TIP_x,0.000464595,0.003993984
1401,Frame22_INDEX_FINGER_MCP_x,0.00046241,0.008244927
450,Frame7_THUMB_IP_x,0.000461564,0.003790482
45,Frame0_RING_FINGER_DIP_x,0.00046137,0.008467814
153,Frame2_MIDDLE_FINGER_MCP_x,0.000460859,0.008117986
574,Frame9_THUMB_MCP_y,0.000455864,0.004413245
613,Frame9_RING_FINGER_DIP_y,0.000451709,0.004003053
1669,Frame26_MIDDLE_FINGER_PIP_y,0.000451007,0.004987751
637,Frame10_THUMB_MCP_y,0.000449626,0.00474527
333,Frame5_INDEX_FINGER_PIP_x,0.000449284,0.004834576
1454,Frame23_THUMB_CMC_z,0.000447539,0.003936142
478,Frame7_MIDDLE_FINGER_TIP_y,0.000445978,0.004436207
1493,Frame23_RING_FINGER_PIP_z,0.000445765,0.004464501
1617,Frame25_RING_FINGER_PIP_x,0.000445605,0.010939825
1876,Frame29_RING_FINGER_TIP_y,0.000444579,0.004664491
524,Frame8_INDEX_FINGER_PIP_z,0.000443545,0.004925401
1693,Frame26_PINKY_PIP_y,0.000442586,0.004648966
453,Frame7_THUMB_TIP_x,0.000441808,0.004186599
410,Frame6_MIDDLE_FINGER_PIP_z,0.000441636,0.003893987
469,Frame7_MIDDLE_FINGER_MCP_y,0.000440562,0.004199652
649,Frame10_INDEX_FINGER_PIP_y,0.000439309,0.005211759
1080,Frame17_THUMB_IP_x,0.000435557,0.010080668
839,Frame13_INDEX_FINGER_PIP_z,0.000434803,0.004475078
184,Frame2_PINKY_DIP_y,0.000433211,0.004092566
628,Frame9_PINKY_TIP_y,0.000429615,0.00424924
769,Frame12_THUMB_TIP_y,0.00042903,0.004708407
631,Frame10_WRIST_y,0.000428894,0.005097188
1266,Frame20_THUMB_MCP_x,0.000428495,0.004759623
1319,Frame20_PINKY_DIP_z,0.000426964,0.004215495
171,Frame2_RING_FINGER_DIP_x,0.000425652,0.007773589
464,Frame7_INDEX_FINGER_DIP_z,0.000425547,0.004151904
1202,Frame19_THUMB_CMC_z,0.000424832,0.003389324
326,Frame5_THUMB_IP_z,0.000424093,0.004118604
1431,Frame22_RING_FINGER_DIP_x,0.000423765,0.007657861
1559,Frame24_RING_FINGER_DIP_z,0.000423651,0.005336017
1077,Frame17_THUMB_MCP_x,0.00042327,0.007848633
784,Frame12_MIDDLE_FINGER_MCP_y,0.000422698,0.004595784
906,Frame14_INDEX_FINGER_TIP_x,0.00042094,0.004257559
756,Frame12_WRIST_x,0.000420656,0.004137714
787,Frame12_MIDDLE_FINGER_PIP_y,0.000419742,0.004807652
887,Frame14_THUMB_CMC_z,0.000418745,0.003898928
1887,Frame29_PINKY_TIP_x,0.000417777,0.009783969
1517,Frame24_THUMB_CMC_z,0.000416567,0.004053833
313,Frame4_PINKY_TIP_y,0.000415892,0.004285831
667,Frame10_MIDDLE_FINGER_TIP_y,0.000414694,0.003620666
902,Frame14_INDEX_FINGER_PIP_z,0.000414503,0.004854407
1594,Frame25_INDEX_FINGER_PIP_y,0.000412542,0.004709679
1741,Frame27_RING_FINGER_MCP_y,0.000411634,0.00503366
1562,Frame24_RING_FINGER_TIP_z,0.000409992,0.004587506
355,Frame5_RING_FINGER_MCP_y,0.000409576,0.003961964
385,Frame6_THUMB_MCP_y,0.000409344,0.003708072
1492,Frame23_RING_FINGER_PIP_y,0.000407061,0.004769799
1824,Frame28_PINKY_TIP_x,0.00040617,0.008519999
1744,Frame27_RING_FINGER_PIP_y,0.000405464,0.00513084
1618,Frame25_RING_FINGER_PIP_y,0.000405345,0.004685698
405,Frame6_MIDDLE_FINGER_MCP_x,0.00040503,0.003966689
1155,Frame18_INDEX_FINGER_DIP_x,0.000404881,0.007379146
1435,Frame22_RING_FINGER_TIP_y,0.000404123,0.004945334
255,Frame4_THUMB_CMC_x,0.000404069,0.008449623
327,Frame5_THUMB_TIP_x,0.000404056,0.003308846
654,Frame10_INDEX_FINGER_TIP_x,0.000403021,0.003870454
228,Frame3_RING_FINGER_MCP_x,0.000401473,0.005077416
297,Frame4_RING_FINGER_DIP_x,0.000401152,0.008344541
1502,Frame23_PINKY_MCP_z,0.000400426,0.003786878
1471,Frame23_INDEX_FINGER_DIP_y,0.000398612,0.00452676
1088,Frame17_INDEX_FINGER_MCP_z,0.000397489,0.004534171
682,Frame10_PINKY_MCP_y,0.000395743,0.003848225
676,Frame10_RING_FINGER_DIP_y,0.000394832,0.003693754
778,Frame12_INDEX_FINGER_DIP_y,0.000394521,0.004439874
748,Frame11_PINKY_PIP_y,0.000394099,0.004420769
447,Frame7_THUMB_MCP_x,0.000392861,0.003951757
1769,Frame28_THUMB_CMC_z,0.000391457,0.004162629
538,Frame8_MIDDLE_FINGER_DIP_y,0.000390358,0.003225929
734,Frame11_RING_FINGER_MCP_z,0.000388953,0.003834522
562,Frame8_PINKY_DIP_y,0.000388592,0.003671906
332,Frame5_INDEX_FINGER_MCP_z,0.000387879,0.003742608
604,Frame9_MIDDLE_FINGER_TIP_y,0.000387723,0.003659417
583,Frame9_INDEX_FINGER_MCP_y,0.000385978,0.003534905
1501,Frame23_PINKY_MCP_y,0.000385788,0.005195811
329,Frame5_THUMB_TIP_z,0.000384242,0.003701219
1717,Frame27_INDEX_FINGER_MCP_y,0.000382812,0.004151261
610,Frame9_RING_FINGER_PIP_y,0.000382106,0.00409022
914,Frame14_MIDDLE_FINGER_PIP_z,0.000381495,0.004115371
1690,Frame26_PINKY_MCP_y,0.000380539,0.004277978
1764,Frame28_WRIST_x,0.000380492,0.004894403
673,Frame10_RING_FINGER_PIP_y,0.000379847,0.003414182
1522,Frame24_THUMB_IP_y,0.000379685,0.00388844
1193,Frame18_PINKY_DIP_z,0.000378658,0.003549115
269,Frame4_INDEX_FINGER_MCP_z,0.00037854,0.004095065
871,Frame13_PINKY_MCP_y,0.000378417,0.003603599
1814,Frame28_RING_FINGER_TIP_z,0.000378341,0.005103947
1456,Frame23_THUMB_MCP_y,0.000377113,0.003814326
1667,Frame26_MIDDLE_FINGER_MCP_z,0.000376444,0.003608385
1507,Frame23_PINKY_DIP_y,0.000376253,0.003887296
907,Frame14_INDEX_FINGER_TIP_y,0.000375269,0.003430112
1013,Frame16_THUMB_CMC_z,0.000375262,0.003583914
309,Frame4_PINKY_DIP_x,0.000374378,0.004950911
561,Frame8_PINKY_DIP_x,0.000374308,0.004481387
1449,Frame23_WRIST_x,0.000373792,0.003896421
940,Frame14_PINKY_DIP_y,0.000373564,0.00439723
1457,Frame23_THUMB_MCP_z,0.0003733,0.004063927
39,Frame0_RING_FINGER_MCP_x,0.000373069,0.004385582
1700,Frame26_PINKY_TIP_z,0.000372425,0.004553654
1143,Frame18_THUMB_IP_x,0.000370902,0.003872183
1328,Frame21_THUMB_CMC_z,0.000369852,0.002910632
409,Frame6_MIDDLE_FINGER_PIP_y,0.000369712,0.004135667
826,Frame13_THUMB_MCP_y,0.000369279,0.004015255
1575,Frame25_WRIST_x,0.000368981,0.006683579
1440,Frame22_PINKY_PIP_x,0.000368889,0.004818188
514,Frame8_THUMB_IP_y,0.000368742,0.003868525
375,Frame5_PINKY_TIP_x,0.000368398,0.006258565
709,Frame11_INDEX_FINGER_MCP_y,0.000367875,0.004217621
318,Frame5_THUMB_CMC_x,0.000367409,0.003550561
1159,Frame18_INDEX_FINGER_TIP_y,0.000367264,0.003824133
1792,Frame28_MIDDLE_FINGER_MCP_y,0.000366801,0.00430087
691,Frame10_PINKY_TIP_y,0.000366719,0.003911755
1813,Frame28_RING_FINGER_TIP_y,0.000366624,0.004325059
394,Frame6_INDEX_FINGER_MCP_y,0.000365662,0.00383229
1417,Frame22_MIDDLE_FINGER_PIP_y,0.000364823,0.004781179
1433,Frame22_RING_FINGER_DIP_z,0.000363999,0.00400118
1568,Frame24_PINKY_PIP_z,0.000363958,0.004113179
1463,Frame23_THUMB_TIP_z,0.00036275,0.00392583
920,Frame14_MIDDLE_FINGER_TIP_z,0.000361084,0.004111863
1327,Frame21_THUMB_CMC_y,0.000358067,0.003758973
60,Frame0_PINKY_TIP_x,0.000357866,0.004140573
1634,Frame25_PINKY_DIP_z,0.000357525,0.004382765
1139,Frame18_THUMB_CMC_z,0.000357188,0.003402241
463,Frame7_INDEX_FINGER_DIP_y,0.000357154,0.003912933
1609,Frame25_MIDDLE_FINGER_DIP_y,0.000356893,0.00428642
598,Frame9_MIDDLE_FINGER_PIP_y,0.000356238,0.003681254
1469,Frame23_INDEX_FINGER_PIP_z,0.000354857,0.004481202
737,Frame11_RING_FINGER_PIP_z,0.000352425,0.003380353
484,Frame7_RING_FINGER_PIP_y,0.000352321,0.003783872
1441,Frame22_PINKY_PIP_y,0.000348988,0.004172101
252,Frame4_WRIST_x,0.000348922,0.004524126
457,Frame7_INDEX_FINGER_MCP_y,0.000348475,0.003556135
1414,Frame22_MIDDLE_FINGER_MCP_y,0.000348215,0.003442184
427,Frame6_RING_FINGER_TIP_y,0.000347961,0.004298495
693,Frame11_WRIST_x,0.000347852,0.003900056
842,Frame13_INDEX_FINGER_DIP_z,0.000347734,0.003778244
1855,Frame29_MIDDLE_FINGER_MCP_y,0.000346257,0.003844052
1446,Frame22_PINKY_TIP_x,0.000345748,0.003240816
466,Frame7_INDEX_FINGER_TIP_y,0.000344105,0.003333684
1883,Frame29_PINKY_PIP_z,0.000343948,0.004483462
1597,Frame25_INDEX_FINGER_DIP_y,0.000343374,0.003807137
117,Frame1_PINKY_PIP_x,0.000343248,0.004471466
721,Frame11_MIDDLE_FINGER_MCP_y,0.000341939,0.003591634
1413,Frame22_MIDDLE_FINGER_MCP_x,0.00034163,0.008292155
1539,Frame24_MIDDLE_FINGER_MCP_x,0.000341534,0.003384705
1265,Frame20_THUMB_CMC_z,0.000341391,0.003291631
1882,Frame29_PINKY_PIP_y,0.000339946,0.004140999
899,Frame14_INDEX_FINGER_MCP_z,0.000339869,0.003702072
1832,Frame29_THUMB_CMC_z,0.000339819,0.003887479
1230,Frame19_MIDDLE_FINGER_DIP_x,0.000338178,0.007724739
1550,Frame24_MIDDLE_FINGER_TIP_z,0.000337861,0.004060352
640,Frame10_THUMB_IP_y,0.000337436,0.003803585
1681,Frame26_RING_FINGER_PIP_y,0.000337187,0.004227027
710,Frame11_INDEX_FINGER_MCP_z,0.000334811,0.003819263
1474,Frame23_INDEX_FINGER_TIP_y,0.000334441,0.004067417
1561,Frame24_RING_FINGER_TIP_y,0.000333883,0.003526769
1390,Frame22_THUMB_CMC_y,0.000333352,0.003303022
102,Frame1_RING_FINGER_MCP_x,0.000333296,0.003746551
670,Frame10_RING_FINGER_MCP_y,0.000332958,0.004154674
1256,Frame19_PINKY_DIP_z,0.000332923,0.003194322
688,Frame10_PINKY_DIP_y,0.000332618,0.003491491
1547,Frame24_MIDDLE_FINGER_DIP_z,0.000331799,0.00401212
926,Frame14_RING_FINGER_PIP_z,0.000331609,0.003676638
470,Frame7_MIDDLE_FINGER_MCP_z,0.000331573,0.003913804
964,Frame15_INDEX_FINGER_PIP_y,0.000331533,0.00317686
808,Frame12_PINKY_MCP_y,0.000331506,0.00378762
1763,Frame27_PINKY_TIP_z,0.000330898,0.004037907
1729,Frame27_MIDDLE_FINGER_MCP_y,0.000330607,0.00413814
1142,Frame18_THUMB_MCP_z,0.000330527,0.003694868
486,Frame7_RING_FINGER_DIP_x,0.000329377,0.003602966
1569,Frame24_PINKY_DIP_x,0.000328376,0.004126659
1164,Frame18_MIDDLE_FINGER_PIP_x,0.000328314,0.00458676
1801,Frame28_MIDDLE_FINGER_TIP_y,0.000328006,0.004120251
1675,Frame26_MIDDLE_FINGER_TIP_y,0.000327455,0.003761929
454,Frame7_THUMB_TIP_y,0.000327352,0.003958447
535,Frame8_MIDDLE_FINGER_PIP_y,0.000326972,0.003509932
1558,Frame24_RING_FINGER_DIP_y,0.000326743,0.004613859
125,Frame1_PINKY_TIP_z,0.000325988,0.004030484
1016,Frame16_THUMB_MCP_z,0.000324508,0.003805259
1468,Frame23_INDEX_FINGER_PIP_y,0.000324241,0.004337633
1750,Frame27_RING_FINGER_TIP_y,0.000323978,0.003890634
1694,Frame26_PINKY_PIP_z,0.000323742,0.004171133
1866,Frame29_RING_FINGER_MCP_x,0.000322944,0.008014934
1503,Frame23_PINKY_PIP_x,0.000322829,0.004246445
520,Frame8_INDEX_FINGER_MCP_y,0.000322368,0.003716946
1326,Frame21_THUMB_CMC_x,0.000322312,0.003569164
513,Frame8_THUMB_IP_x,0.000321972,0.0036046
607,Frame9_RING_FINGER_MCP_y,0.000321908,0.003560702
1663,Frame26_INDEX_FINGER_TIP_y,0.000320444,0.004155656
136,Frame2_THUMB_IP_y,0.000320061,0.003095887
855,Frame13_MIDDLE_FINGER_TIP_x,0.000319584,0.003716139
1338,Frame21_INDEX_FINGER_MCP_x,0.000319388,0.004428048
577,Frame9_THUMB_IP_y,0.000318226,0.003415618
828,Frame13_THUMB_IP_x,0.000317485,0.003550116
1313,Frame20_PINKY_MCP_z,0.000316,0.003636207
1205,Frame19_THUMB_MCP_z,0.000315478,0.003546394
576,Frame9_THUMB_IP_x,0.000315402,0.003419258
903,Frame14_INDEX_FINGER_DIP_x,0.000315025,0.003470549
1275,Frame20_INDEX_FINGER_MCP_x,0.000314697,0.003176121
396,Frame6_INDEX_FINGER_PIP_x,0.000314638,0.00341865
1316,Frame20_PINKY_PIP_z,0.000313706,0.003789349
1140,Frame18_THUMB_MCP_x,0.000313417,0.004157937
419,Frame6_RING_FINGER_MCP_z,0.000311831,0.003633865
1625,Frame25_RING_FINGER_TIP_z,0.000311471,0.003949906
617,Frame9_RING_FINGER_TIP_z,0.00031084,0.003200899
1146,Frame18_THUMB_TIP_x,0.000310647,0.003544689
247,Frame3_PINKY_DIP_y,0.000310057,0.003703064
967,Frame15_INDEX_FINGER_DIP_y,0.000309846,0.003303395
390,Frame6_THUMB_TIP_x,0.000309015,0.003826938
1006,Frame15_PINKY_TIP_y,0.000308998,0.003613398
1798,Frame28_MIDDLE_FINGER_DIP_y,0.000308734,0.004099989
592,Frame9_INDEX_FINGER_TIP_y,0.000307302,0.002868268
970,Frame15_INDEX_FINGER_TIP_y,0.000306368,0.003352873
757,Frame12_WRIST_y,0.00030631,0.003099361
634,Frame10_THUMB_CMC_y,0.000305642,0.003348334
565,Frame8_PINKY_TIP_y,0.000304713,0.00327489
1781,Frame28_INDEX_FINGER_MCP_z,0.000304645,0.003470781
189,Frame3_WRIST_x,0.000304039,0.003514352
664,Frame10_MIDDLE_FINGER_DIP_y,0.000303684,0.003253753
126,Frame2_WRIST_x,0.000303482,0.003912779
608,Frame9_RING_FINGER_MCP_z,0.000303222,0.003109857
976,Frame15_MIDDLE_FINGER_PIP_y,0.000302901,0.004076883
346,Frame5_MIDDLE_FINGER_PIP_y,0.000302885,0.003533732
1385,Frame21_PINKY_TIP_z,0.000302222,0.003906378
48,Frame0_RING_FINGER_TIP_x,0.000301333,0.005667949
796,Frame12_RING_FINGER_MCP_y,0.000301042,0.003010756
487,Frame7_RING_FINGER_DIP_y,0.000300696,0.003456513
169,Frame2_RING_FINGER_PIP_y,0.000300062,0.003634443
378,Frame6_WRIST_x,0.000299954,0.003650954
541,Frame8_MIDDLE_FINGER_TIP_y,0.000298442,0.002822509
1554,Frame24_RING_FINGER_PIP_x,0.000298408,0.004067564
1621,Frame25_RING_FINGER_DIP_y,0.00029828,0.004177954
1760,Frame27_PINKY_DIP_z,0.000298199,0.003570563
573,Frame9_THUMB_MCP_x,0.000298079,0.0031729
1706,Frame27_THUMB_CMC_z,0.000297847,0.003552968
63,Frame1_WRIST_x,0.00029752,0.003465669
475,Frame7_MIDDLE_FINGER_DIP_y,0.000297045,0.002934319
10,Frame0_THUMB_IP_y,0.000296773,0.003157098
1212,Frame19_INDEX_FINGER_MCP_x,0.000295258,0.006663659
1637,Frame25_PINKY_TIP_z,0.000293223,0.003580811
918,Frame14_MIDDLE_FINGER_TIP_x,0.000292853,0.003345246
579,Frame9_THUMB_TIP_x,0.000292734,0.00306789
59,Frame0_PINKY_DIP_z,0.000292301,0.003734072
121,Frame1_PINKY_DIP_y,0.000292126,0.003394783
306,Frame4_PINKY_PIP_x,0.000291933,0.003714611
845,Frame13_INDEX_FINGER_TIP_z,0.000291356,0.003821853
1538,Frame24_INDEX_FINGER_TIP_z,0.000291146,0.003200756
1081,Frame17_THUMB_IP_y,0.000290748,0.003184495
1612,Frame25_MIDDLE_FINGER_TIP_y,0.000290727,0.003765096
760,Frame12_THUMB_CMC_y,0.000289468,0.003643751
253,Frame4_WRIST_y,0.000288279,0.003268609
1374,Frame21_PINKY_MCP_x,0.000288074,0.004157144
799,Frame12_RING_FINGER_PIP_y,0.000287253,0.003305
483,Frame7_RING_FINGER_PIP_x,0.000287234,0.002956308
172,Frame2_RING_FINGER_DIP_y,0.00028609,0.003371027
857,Frame13_MIDDLE_FINGER_TIP_z,0.000285469,0.003139068
529,Frame8_INDEX_FINGER_TIP_y,0.000285277,0.003352792
412,Frame6_MIDDLE_FINGER_DIP_y,0.00028499,0.003599552
911,Frame14_MIDDLE_FINGER_MCP_z,0.000284278,0.003244212
281,Frame4_MIDDLE_FINGER_MCP_z,0.000284111,0.0031466
285,Frame4_MIDDLE_FINGER_DIP_x,0.000284,0.003942226
1386,Frame22_WRIST_x,0.00028374,0.003167282
472,Frame7_MIDDLE_FINGER_PIP_y,0.000283421,0.003192057
547,Frame8_RING_FINGER_PIP_y,0.000282986,0.003448857
77,Frame1_THUMB_TIP_z,0.000282585,0.003058258
542,Frame8_MIDDLE_FINGER_TIP_z,0.000281821,0.003265861
1807,Frame28_RING_FINGER_PIP_y,0.0002806,0.003811664
1525,Frame24_THUMB_TIP_y,0.000280265,0.003565362
1790,Frame28_INDEX_FINGER_TIP_z,0.000280157,0.003429
476,Frame7_MIDDLE_FINGER_DIP_z,0.000279646,0.003488738
809,Frame12_PINKY_MCP_z,0.000279633,0.002798884
1789,Frame28_INDEX_FINGER_TIP_y,0.000278932,0.003664143
1516,Frame24_THUMB_CMC_y,0.000278618,0.003079961
392,Frame6_THUMB_TIP_z,0.000278372,0.003621761
1655,Frame26_INDEX_FINGER_MCP_z,0.00027778,0.002627424
1849,Frame29_INDEX_FINGER_DIP_y,0.000276793,0.003688329
974,Frame15_MIDDLE_FINGER_MCP_z,0.000276706,0.003446544
420,Frame6_RING_FINGER_PIP_x,0.000276705,0.003265179
145,Frame2_INDEX_FINGER_PIP_y,0.000276153,0.003374689
1852,Frame29_INDEX_FINGER_TIP_y,0.000276085,0.003524665
477,Frame7_MIDDLE_FINGER_TIP_x,0.000275825,0.003451799
981,Frame15_MIDDLE_FINGER_TIP_x,0.000275558,0.002836719
802,Frame12_RING_FINGER_DIP_y,0.000275279,0.002945036
1226,Frame19_MIDDLE_FINGER_MCP_z,0.000274961,0.003104996
830,Frame13_THUMB_IP_z,0.000274777,0.003134937
705,Frame11_THUMB_TIP_x,0.000274729,0.00317829
1793,Frame28_MIDDLE_FINGER_MCP_z,0.000274481,0.002894921
1307,Frame20_RING_FINGER_DIP_z,0.000273853,0.003453504
1500,Frame23_PINKY_MCP_x,0.00027281,0.003215734
348,Frame5_MIDDLE_FINGER_DIP_x,0.000272463,0.002942108
1874,Frame29_RING_FINGER_DIP_z,0.00027219,0.003822368
762,Frame12_THUMB_MCP_x,0.000272043,0.002774922
426,Frame6_RING_FINGER_TIP_x,0.000272025,0.003159191
950,Frame15_THUMB_CMC_z,0.000271498,0.003430407
1019,Frame16_THUMB_IP_z,0.000270251,0.003441719
1483,Frame23_MIDDLE_FINGER_DIP_y,0.000269956,0.003798536
953,Frame15_THUMB_MCP_z,0.000269601,0.003631957
1074,Frame17_THUMB_CMC_x,0.000269436,0.003462037
1296,Frame20_MIDDLE_FINGER_TIP_x,0.000269057,0.008006606
684,Frame10_PINKY_PIP_x,0.000268392,0.002825634
1411,Frame22_INDEX_FINGER_TIP_y,0.000268318,0.003755883
49,Frame0_RING_FINGER_TIP_y,0.000267752,0.003469877
1726,Frame27_INDEX_FINGER_TIP_y,0.000267659,0.003061909
1029,Frame16_INDEX_FINGER_DIP_x,0.00026761,0.003362379
1534,Frame24_INDEX_FINGER_DIP_y,0.000267234,0.003329312
1304,Frame20_RING_FINGER_PIP_z,0.000266916,0.003075845
1443,Frame22_PINKY_DIP_x,0.000266494,0.002834272
1512,Frame24_WRIST_x,0.00026576,0.002860435
945,Frame15_WRIST_x,0.00026486,0.003216951
1838,Frame29_THUMB_IP_z,0.000264778,0.002714263
701,Frame11_THUMB_MCP_z,0.000264462,0.002832546
133,Frame2_THUMB_MCP_y,0.000263814,0.003227269
14,Frame0_THUMB_TIP_z,0.000263728,0.003233328
120,Frame1_PINKY_DIP_x,0.000263673,0.003334
1000,Frame15_PINKY_PIP_y,0.000262997,0.003098521
1604,Frame25_MIDDLE_FINGER_MCP_z,0.00026298,0.002572342
143,Frame2_INDEX_FINGER_MCP_z,0.000262818,0.003074049
674,Frame10_RING_FINGER_PIP_z,0.000262705,0.002604674
112,Frame1_RING_FINGER_TIP_y,0.000262541,0.002874083
1531,Frame24_INDEX_FINGER_PIP_y,0.000262285,0.003210682
1203,Frame19_THUMB_MCP_x,0.000261962,0.003765204
1551,Frame24_RING_FINGER_MCP_x,0.00026155,0.002740043
1423,Frame22_MIDDLE_FINGER_TIP_y,0.000261371,0.003544056
715,Frame11_INDEX_FINGER_DIP_y,0.000261251,0.003007022
1535,Frame24_INDEX_FINGER_DIP_z,0.000260877,0.003252618
971,Frame15_INDEX_FINGER_TIP_z,0.00026077,0.002750593
1756,Frame27_PINKY_PIP_y,0.000260644,0.003267117
465,Frame7_INDEX_FINGER_TIP_x,0.000260396,0.002630949
917,Frame14_MIDDLE_FINGER_DIP_z,0.000260101,0.003494574
605,Frame9_MIDDLE_FINGER_TIP_z,0.000259547,0.003284058
323,Frame5_THUMB_MCP_z,0.000259441,0.003295128
697,Frame11_THUMB_CMC_y,0.000259211,0.003131473
1783,Frame28_INDEX_FINGER_PIP_y,0.000258307,0.003215297
38,Frame0_MIDDLE_FINGER_TIP_z,0.000258261,0.003842733
877,Frame13_PINKY_DIP_y,0.000258076,0.002940207
1720,Frame27_INDEX_FINGER_PIP_y,0.000258073,0.003933011
1391,Frame22_THUMB_CMC_z,0.000257568,0.003022172
702,Frame11_THUMB_IP_x,0.000257054,0.003143238
1453,Frame23_THUMB_CMC_y,0.00025657,0.003222142
754,Frame11_PINKY_TIP_y,0.000256474,0.002397498
1841,Frame29_THUMB_TIP_z,0.00025569,0.003731392
1382,Frame21_PINKY_DIP_z,0.000255633,0.004068781
1775,Frame28_THUMB_IP_z,0.000255161,0.002860933
824,Frame13_THUMB_CMC_z,0.000255116,0.003412895
854,Frame13_MIDDLE_FINGER_DIP_z,0.000254793,0.003152551
1459,Frame23_THUMB_IP_y,0.000253847,0.003143217
123,Frame1_PINKY_TIP_x,0.000253728,0.003562141
1137,Frame18_THUMB_CMC_x,0.00025347,0.003418339
100,Frame1_MIDDLE_FINGER_TIP_y,0.000253314,0.002863745
175,Frame2_RING_FINGER_TIP_y,0.00025328,0.003465382
1631,Frame25_PINKY_PIP_z,0.000253269,0.002780938
1652,Frame26_THUMB_TIP_z,0.000252905,0.003147183
1389,Frame22_THUMB_CMC_x,0.000252528,0.003125238
62,Frame0_PINKY_TIP_z,0.000251937,0.003732893
768,Frame12_THUMB_TIP_x,0.0002519,0.002697159
205,Frame3_INDEX_FINGER_MCP_y,0.000251305,0.003526058
445,Frame7_THUMB_CMC_y,0.000250757,0.002938484
717,Frame11_INDEX_FINGER_TIP_x,0.00024961,0.002835113
1377,Frame21_PINKY_PIP_x,0.000249426,0.003865857
1219,Frame19_INDEX_FINGER_DIP_y,0.000249404,0.003563954
1268,Frame20_THUMB_MCP_z,0.000249321,0.003024591
424,Frame6_RING_FINGER_DIP_y,0.000249178,0.003203811
742,Frame11_RING_FINGER_TIP_y,0.000248677,0.003168932
792,Frame12_MIDDLE_FINGER_TIP_x,0.000248662,0.003021912
595,Frame9_MIDDLE_FINGER_MCP_y,0.000248652,0.002829217
1679,Frame26_RING_FINGER_MCP_z,0.000248611,0.003175564
1233,Frame19_MIDDLE_FINGER_TIP_x,0.000248526,0.003036221
516,Frame8_THUMB_TIP_x,0.000248462,0.002683912
188,Frame2_PINKY_TIP_z,0.000248378,0.002999095
777,Frame12_INDEX_FINGER_DIP_x,0.000248112,0.003279083
840,Frame13_INDEX_FINGER_DIP_x,0.000248062,0.003146487
803,Frame12_RING_FINGER_DIP_z,0.000248049,0.002518457
648,Frame10_INDEX_FINGER_PIP_x,0.000247727,0.002831086
497,Frame7_PINKY_PIP_z,0.000247658,0.002762682
1239,Frame19_RING_FINGER_PIP_x,0.000246892,0.003066567
1430,Frame22_RING_FINGER_PIP_z,0.000246364,0.003379497
42,Frame0_RING_FINGER_PIP_x,0.0002457,0.003223675
260,Frame4_THUMB_MCP_z,0.000245068,0.002943758
116,Frame1_PINKY_MCP_z,0.00024456,0.003908589
977,Frame15_MIDDLE_FINGER_PIP_z,0.000244468,0.002778027
1844,Frame29_INDEX_FINGER_MCP_z,0.000244388,0.002622608
1867,Frame29_RING_FINGER_MCP_y,0.000243784,0.003549922
67,Frame1_THUMB_CMC_y,0.000243723,0.003293931
1699,Frame26_PINKY_TIP_y,0.000243478,0.003237803
1452,Frame23_THUMB_CMC_x,0.000243059,0.002894184
620,Frame9_PINKY_MCP_z,0.000242923,0.002618369
1360,Frame21_MIDDLE_FINGER_TIP_y,0.000242806,0.004026932
360,Frame5_RING_FINGER_DIP_x,0.000241896,0.003667692
1718,Frame27_INDEX_FINGER_MCP_z,0.000241576,0.002649735
650,Frame10_INDEX_FINGER_PIP_z,0.000241182,0.003302266
398,Frame6_INDEX_FINGER_PIP_z,0.000240887,0.002879619
1438,Frame22_PINKY_MCP_y,0.000240404,0.002902219
527,Frame8_INDEX_FINGER_DIP_z,0.00024026,0.003052214
1400,Frame22_THUMB_TIP_z,0.00024025,0.002512142
1472,Frame23_INDEX_FINGER_DIP_z,0.000240219,0.003383974
1402,Frame22_INDEX_FINGER_MCP_y,0.000240027,0.003178868
448,Frame7_THUMB_MCP_y,0.000239723,0.002704973
1698,Frame26_PINKY_TIP_x,0.000239511,0.00333405
1510,Frame23_PINKY_TIP_y,0.000239411,0.003119519
1565,Frame24_PINKY_MCP_z,0.000239329,0.00298001
289,Frame4_MIDDLE_FINGER_TIP_y,0.000238713,0.003069857
334,Frame5_INDEX_FINGER_PIP_y,0.000238464,0.002538525
22,Frame0_INDEX_FINGER_DIP_y,0.000237767,0.003288288
1592,Frame25_INDEX_FINGER_MCP_z,0.000237601,0.0028891
925,Frame14_RING_FINGER_PIP_y,0.000237566,0.003087042
1060,Frame16_PINKY_MCP_y,0.000237514,0.003032158
584,Frame9_INDEX_FINGER_MCP_z,0.000237355,0.002509311
922,Frame14_RING_FINGER_MCP_y,0.000237171,0.003591796
954,Frame15_THUMB_IP_x,0.000237145,0.003099683
231,Frame3_RING_FINGER_PIP_x,0.000237076,0.002933827
291,Frame4_RING_FINGER_MCP_x,0.00023703,0.003090054
1055,Frame16_RING_FINGER_DIP_z,0.000236568,0.002866069
277,Frame4_INDEX_FINGER_TIP_y,0.000236201,0.003442551
1743,Frame27_RING_FINGER_PIP_x,0.000235761,0.003223172
1745,Frame27_RING_FINGER_PIP_z,0.000235344,0.003005404
1748,Frame27_RING_FINGER_DIP_z,0.000235247,0.004058043
1067,Frame16_PINKY_DIP_z,0.000235023,0.003062936
510,Frame8_THUMB_MCP_x,0.000234929,0.002804002
966,Frame15_INDEX_FINGER_DIP_x,0.000234773,0.002616687
805,Frame12_RING_FINGER_TIP_y,0.000234606,0.002419043
320,Frame5_THUMB_CMC_z,0.000234207,0.002692792
1826,Frame28_PINKY_TIP_z,0.000234178,0.003042593
421,Frame6_RING_FINGER_PIP_y,0.000233285,0.003219478
736,Frame11_RING_FINGER_PIP_y,0.000233043,0.003109752
183,Frame2_PINKY_DIP_x,0.000232742,0.003036012
501,Frame7_PINKY_TIP_x,0.000232402,0.002905897
540,Frame8_MIDDLE_FINGER_TIP_x,0.000232381,0.002847555
874,Frame13_PINKY_PIP_y,0.000232302,0.003158381
349,Frame5_MIDDLE_FINGER_DIP_y,0.000232295,0.003538304
485,Frame7_RING_FINGER_PIP_z,0.00023219,0.003108576
550,Frame8_RING_FINGER_DIP_y,0.000231734,0.002551391
923,Frame14_RING_FINGER_MCP_z,0.000231121,0.002772834
1859,Frame29_MIDDLE_FINGER_PIP_z,0.000230767,0.002515604
272,Frame4_INDEX_FINGER_PIP_z,0.000230761,0.003086526
1486,Frame23_MIDDLE_FINGER_TIP_y,0.000230747,0.003663289
391,Frame6_THUMB_TIP_y,0.000230574,0.002888546
894,Frame14_THUMB_TIP_x,0.000230296,0.0029669
1290,Frame20_MIDDLE_FINGER_PIP_x,0.000230172,0.003712129
301,Frame4_RING_FINGER_TIP_y,0.000230032,0.003170966
1378,Frame21_PINKY_PIP_y,0.000229897,0.003404279
481,Frame7_RING_FINGER_MCP_y,0.000229796,0.003344723
969,Frame15_INDEX_FINGER_TIP_x,0.000229711,0.00286809
904,Frame14_INDEX_FINGER_DIP_y,0.000228847,0.002594987
746,Frame11_PINKY_MCP_z,0.000228677,0.002741432
1428,Frame22_RING_FINGER_PIP_x,0.000228482,0.0030126
1529,Frame24_INDEX_FINGER_MCP_z,0.000228429,0.004584755
185,Frame2_PINKY_DIP_z,0.000228374,0.002774613
916,Frame14_MIDDLE_FINGER_DIP_y,0.000228194,0.002748855
165,Frame2_RING_FINGER_MCP_x,0.000228179,0.002945354
151,Frame2_INDEX_FINGER_TIP_y,0.000228143,0.002747649
900,Frame14_INDEX_FINGER_PIP_x,0.000227652,0.002654669
511,Frame8_THUMB_MCP_y,0.000227625,0.002460556
1218,Frame19_INDEX_FINGER_DIP_x,0.00022705,0.002758577
1795,Frame28_MIDDLE_FINGER_PIP_y,0.000227041,0.003653968
103,Frame1_RING_FINGER_MCP_y,0.00022698,0.003253577
594,Frame9_MIDDLE_FINGER_MCP_x,0.000226974,0.002853095
408,Frame6_MIDDLE_FINGER_PIP_x,0.000226172,0.003390793
532,Frame8_MIDDLE_FINGER_MCP_y,0.000225959,0.002738536
1648,Frame26_THUMB_IP_y,0.000225932,0.002989226
1505,Frame23_PINKY_PIP_z,0.000225444,0.002915409
1862,Frame29_MIDDLE_FINGER_DIP_z,0.000225429,0.002873845
206,Frame3_INDEX_FINGER_MCP_z,0.000225042,0.002911796
13,Frame0_THUMB_TIP_y,0.000224959,0.002635071
838,Frame13_INDEX_FINGER_PIP_y,0.000224869,0.002300453
1299,Frame20_RING_FINGER_MCP_x,0.000223665,0.002834735
1434,Frame22_RING_FINGER_TIP_x,0.000223127,0.002819989
490,Frame7_RING_FINGER_TIP_y,0.000222742,0.002371839
1721,Frame27_INDEX_FINGER_PIP_z,0.000222569,0.00286444
1460,Frame23_THUMB_IP_z,0.000222424,0.002657866
492,Frame7_PINKY_MCP_x,0.000221487,0.002578657
367,Frame5_PINKY_MCP_y,0.000221379,0.00309504
844,Frame13_INDEX_FINGER_TIP_y,0.000221329,0.002612908
179,Frame2_PINKY_MCP_z,0.000220748,0.003077089
1309,Frame20_RING_FINGER_TIP_y,0.000220604,0.002871457
217,Frame3_MIDDLE_FINGER_MCP_y,0.000220448,0.003072362
1257,Frame19_PINKY_TIP_x,0.00021988,0.003123725
498,Frame7_PINKY_DIP_x,0.000219685,0.002437581
274,Frame4_INDEX_FINGER_DIP_y,0.000219308,0.002959702
1488,Frame23_RING_FINGER_MCP_x,0.000218371,0.003023122
388,Frame6_THUMB_IP_y,0.000217234,0.003136256
1322,Frame20_PINKY_TIP_z,0.000216826,0.002766661
455,Frame7_THUMB_TIP_z,0.000215949,0.003125178
361,Frame5_RING_FINGER_DIP_y,0.000215723,0.002774822
46,Frame0_RING_FINGER_DIP_y,0.000215568,0.002518737
1821,Frame28_PINKY_DIP_x,0.000215208,0.00258213
1799,Frame28_MIDDLE_FINGER_DIP_z,0.000215169,0.003183953
558,Frame8_PINKY_PIP_x,0.000215062,0.002634917
335,Frame5_INDEX_FINGER_PIP_z,0.000214973,0.00282225
943,Frame14_PINKY_TIP_y,0.000214948,0.003293475
1324,Frame21_WRIST_y,0.000214794,0.002137104
780,Frame12_INDEX_FINGER_TIP_x,0.000213427,0.002544676
859,Frame13_RING_FINGER_MCP_y,0.000213019,0.00298981
435,Frame6_PINKY_DIP_x,0.000212968,0.002517208
1197,Frame19_WRIST_x,0.000212903,0.002806488
1310,Frame20_RING_FINGER_TIP_z,0.000212809,0.002724372
937,Frame14_PINKY_PIP_y,0.000212797,0.002793194
433,Frame6_PINKY_PIP_y,0.000212649,0.003030609
1466,Frame23_INDEX_FINGER_MCP_z,0.000212475,0.002931386
556,Frame8_PINKY_MCP_y,0.000212429,0.002803865
1774,Frame28_THUMB_IP_y,0.000212228,0.002824598
1008,Frame16_WRIST_x,0.000212042,0.002654846
1429,Frame22_RING_FINGER_PIP_y,0.000211824,0.002906595
43,Frame0_RING_FINGER_PIP_y,0.000211714,0.002736843
451,Frame7_THUMB_IP_y,0.000211581,0.00265923
303,Frame4_PINKY_MCP_x,0.000211564,0.002626634
1135,Frame18_WRIST_y,0.0002115,0.002680998
800,Frame12_RING_FINGER_PIP_z,0.000211478,0.00280929
1095,Frame17_INDEX_FINGER_TIP_x,0.000211228,0.005264959
681,Frame10_PINKY_MCP_x,0.000210552,0.003107985
1200,Frame19_THUMB_CMC_x,0.000210381,0.002701253
611,Frame9_RING_FINGER_PIP_z,0.00021025,0.002074307
525,Frame8_INDEX_FINGER_DIP_x,0.000209998,0.002608148
1375,Frame21_PINKY_MCP_y,0.000209992,0.003376975
1261,Frame20_WRIST_y,0.000209943,0.002880368
555,Frame8_PINKY_MCP_x,0.000209378,0.004149091
919,Frame14_MIDDLE_FINGER_TIP_y,0.000209341,0.002286426
934,Frame14_PINKY_MCP_y,0.000209206,0.002853044
1362,Frame21_RING_FINGER_MCP_x,0.000208582,0.002743263
1376,Frame21_PINKY_MCP_z,0.000208401,0.002791106
480,Frame7_RING_FINGER_MCP_x,0.000208381,0.002317487
1022,Frame16_THUMB_TIP_z,0.000208095,0.002329012
1643,Frame26_THUMB_CMC_z,0.000207801,0.00219158
680,Frame10_RING_FINGER_TIP_z,0.000207736,0.003020232
728,Frame11_MIDDLE_FINGER_DIP_z,0.00020751,0.002068016
109,Frame1_RING_FINGER_DIP_y,0.000207143,0.003245291
789,Frame12_MIDDLE_FINGER_DIP_x,0.000206793,0.002353612
1285,Frame20_INDEX_FINGER_TIP_y,0.000206623,0.003158782
1847,Frame29_INDEX_FINGER_PIP_z,0.000206459,0.002191266
1610,Frame25_MIDDLE_FINGER_DIP_z,0.000206372,0.002735836
625,Frame9_PINKY_DIP_y,0.000205137,0.002488391
1033,Frame16_INDEX_FINGER_TIP_y,0.000204884,0.002804775
730,Frame11_MIDDLE_FINGER_TIP_y,0.000204849,0.002524137
766,Frame12_THUMB_IP_y,0.000204664,0.003273594
1151,Frame18_INDEX_FINGER_MCP_z,0.000204647,0.002784043
1147,Frame18_THUMB_TIP_y,0.00020431,0.002739773
517,Frame8_THUMB_TIP_y,0.000203945,0.002183375
1437,Frame22_PINKY_MCP_x,0.000203932,0.002626666
1649,Frame26_THUMB_IP_z,0.000203851,0.002787086
847,Frame13_MIDDLE_FINGER_MCP_y,0.000203818,0.003099481
685,Frame10_PINKY_PIP_y,0.000203767,0.002226866
493,Frame7_PINKY_MCP_y,0.00020354,0.002412889
1571,Frame24_PINKY_DIP_z,0.00020283,0.002979343
1011,Frame16_THUMB_CMC_x,0.000202769,0.002293497
369,Frame5_PINKY_PIP_x,0.000202696,0.00260788
622,Frame9_PINKY_PIP_y,0.000202384,0.002917764
221,Frame3_MIDDLE_FINGER_PIP_z,0.000202303,0.002735928
220,Frame3_MIDDLE_FINGER_PIP_y,0.000202097,0.002989268
1478,Frame23_MIDDLE_FINGER_MCP_z,0.000201915,0.00256724
1871,Frame29_RING_FINGER_PIP_z,0.000201339,0.002463239
790,Frame12_MIDDLE_FINGER_DIP_y,0.00020126,0.002698199
1198,Frame19_WRIST_y,0.000200881,0.00263477
315,Frame5_WRIST_x,0.000200818,0.002514015
994,Frame15_RING_FINGER_TIP_y,0.000200761,0.002488433
25,Frame0_INDEX_FINGER_TIP_y,0.000200615,0.002692223
822,Frame13_THUMB_CMC_x,0.000200589,0.002734143
246,Frame3_PINKY_DIP_x,0.000200507,0.00284435
901,Frame14_INDEX_FINGER_PIP_y,0.000199619,0.003161327
50,Frame0_RING_FINGER_TIP_z,0.00019932,0.003077893
193,Frame3_THUMB_CMC_y,0.000199231,0.002096506
343,Frame5_MIDDLE_FINGER_MCP_y,0.00019916,0.002619017
1247,Frame19_RING_FINGER_TIP_z,0.0001991,0.002833156
1260,Frame20_WRIST_x,0.000198703,0.003007621
187,Frame2_PINKY_TIP_y,0.000198421,0.002868338
1179,Frame18_RING_FINGER_DIP_x,0.000198405,0.003116502
163,Frame2_MIDDLE_FINGER_TIP_y,0.000198299,0.002540568
1238,Frame19_RING_FINGER_MCP_z,0.000198298,0.002414204
1004,Frame15_PINKY_DIP_z,0.000198237,0.002200943
602,Frame9_MIDDLE_FINGER_DIP_z,0.000198078,0.002318604
765,Frame12_THUMB_IP_x,0.000198054,0.002133897
1210,Frame19_THUMB_TIP_y,0.000197405,0.002597862
54,Frame0_PINKY_PIP_x,0.000197106,0.002605572
965,Frame15_INDEX_FINGER_PIP_z,0.000196975,0.003124124
80,Frame1_INDEX_FINGER_MCP_z,0.000196774,0.002486961
467,Frame7_INDEX_FINGER_TIP_z,0.000196741,0.002424936
494,Frame7_PINKY_MCP_z,0.000196409,0.002722877
853,Frame13_MIDDLE_FINGER_DIP_y,0.000196111,0.003159762
1519,Frame24_THUMB_MCP_y,0.000195948,0.002847113
496,Frame7_PINKY_PIP_y,0.000195665,0.002414314
1820,Frame28_PINKY_PIP_z,0.000195155,0.002544369
1358,Frame21_MIDDLE_FINGER_DIP_z,0.000195045,0.002303857
1804,Frame28_RING_FINGER_MCP_y,0.000195006,0.002819934
342,Frame5_MIDDLE_FINGER_MCP_x,0.000194909,0.002206467
891,Frame14_THUMB_IP_x,0.000194329,0.002412806
1786,Frame28_INDEX_FINGER_DIP_y,0.000194288,0.002622377
942,Frame14_PINKY_TIP_x,0.00019391,0.002936594
1076,Frame17_THUMB_CMC_z,0.000193799,0.002327326
1815,Frame28_PINKY_MCP_x,0.000193502,0.002231472
114,Frame1_PINKY_MCP_x,0.000193304,0.002483148
518,Frame8_THUMB_TIP_z,0.000193286,0.002831477
1236,Frame19_RING_FINGER_MCP_x,0.000192952,0.002650258
932,Frame14_RING_FINGER_TIP_z,0.000192884,0.002186082
106,Frame1_RING_FINGER_PIP_y,0.0001925,0.002988306
694,Frame11_WRIST_y,0.000192337,0.002307353
944,Frame14_PINKY_TIP_z,0.000191996,0.002306636
522,Frame8_INDEX_FINGER_PIP_x,0.000191995,0.002435546
1017,Frame16_THUMB_IP_x,0.000191885,0.003004982
1196,Frame18_PINKY_TIP_z,0.000191853,0.002348195
1632,Frame25_PINKY_DIP_x,0.000191503,0.002357771
1090,Frame17_INDEX_FINGER_PIP_y,0.000191449,0.003188105
534,Frame8_MIDDLE_FINGER_PIP_x,0.000191284,0.003289006
115,Frame1_PINKY_MCP_y,0.000191021,0.002523096
759,Frame12_THUMB_CMC_x,0.00019094,0.002882193
257,Frame4_THUMB_CMC_z,0.000190926,0.002394055
58,Frame0_PINKY_DIP_y,0.000190901,0.002647101
1626,Frame25_PINKY_MCP_x,0.000190701,0.002474854
1843,Frame29_INDEX_FINGER_MCP_y,0.000190511,0.002619908
429,Frame6_PINKY_MCP_x,0.000190503,0.002274034
148,Frame2_INDEX_FINGER_DIP_y,0.000190329,0.002928122
73,Frame1_THUMB_IP_y,0.000189665,0.003008813
552,Frame8_RING_FINGER_TIP_x,0.000189218,0.002453923
1450,Frame23_WRIST_y,0.000189028,0.002013432
1368,Frame21_RING_FINGER_DIP_x,0.000188723,0.002139855
235,Frame3_RING_FINGER_DIP_y,0.000188646,0.002745567
687,Frame10_PINKY_DIP_x,0.000188433,0.002588441
848,Frame13_MIDDLE_FINGER_MCP_z,0.000188394,0.00263321
1447,Frame22_PINKY_TIP_y,0.000188177,0.002710638
186,Frame2_PINKY_TIP_x,0.000187941,0.00294426
1061,Frame16_PINKY_MCP_z,0.000187544,0.002546451
1861,Frame29_MIDDLE_FINGER_DIP_y,0.000187458,0.003004238
1481,Frame23_MIDDLE_FINGER_PIP_z,0.000187307,0.002425997
1607,Frame25_MIDDLE_FINGER_PIP_z,0.000186827,0.002573887
653,Frame10_INDEX_FINGER_DIP_z,0.000186721,0.00232624
968,Frame15_INDEX_FINGER_DIP_z,0.000186665,0.002479828
1148,Frame18_THUMB_TIP_z,0.000186457,0.002773512
1676,Frame26_MIDDLE_FINGER_TIP_z,0.000186345,0.002439132
1513,Frame24_WRIST_y,0.00018607,0.002417644
52,Frame0_PINKY_MCP_y,0.000186044,0.002323776
1412,Frame22_INDEX_FINGER_TIP_z,0.000185706,0.002329972
262,Frame4_THUMB_IP_y,0.000185353,0.002910412
1579,Frame25_THUMB_CMC_y,0.000185344,0.002243875
439,Frame6_PINKY_TIP_y,0.000184992,0.003207504
271,Frame4_INDEX_FINGER_PIP_y,0.000184776,0.002487247
1085,Frame17_THUMB_TIP_z,0.000184708,0.002141912
417,Frame6_RING_FINGER_MCP_x,0.000184595,0.002568588
1697,Frame26_PINKY_DIP_z,0.000184212,0.002581345
591,Frame9_INDEX_FINGER_TIP_x,0.000184161,0.002193635
671,Frame10_RING_FINGER_MCP_z,0.000184003,0.002538688
414,Frame6_MIDDLE_FINGER_TIP_x,0.000183947,0.002487334
672,Frame10_RING_FINGER_PIP_x,0.000183783,0.002675324
113,Frame1_RING_FINGER_TIP_z,0.000183689,0.002914427
1280,Frame20_INDEX_FINGER_PIP_z,0.000183533,0.00282464
841,Frame13_INDEX_FINGER_DIP_y,0.00018343,0.002406838
1715,Frame27_THUMB_TIP_z,0.000183428,0.002589915
1638,Frame26_WRIST_x,0.000183199,0.003131267
619,Frame9_PINKY_MCP_y,0.000183095,0.002195518
956,Frame15_THUMB_IP_z,0.000182785,0.002659707
831,Frame13_THUMB_TIP_x,0.000182774,0.002035774
1735,Frame27_MIDDLE_FINGER_DIP_y,0.000182601,0.00325328
539,Frame8_MIDDLE_FINGER_DIP_z,0.000181751,0.002561531
1312,Frame20_PINKY_MCP_y,0.000181618,0.002230732
1103,Frame17_MIDDLE_FINGER_PIP_z,0.000181573,0.002303701
181,Frame2_PINKY_PIP_y,0.000181477,0.002418002
793,Frame12_MIDDLE_FINGER_TIP_y,0.000180947,0.003010554
1363,Frame21_RING_FINGER_MCP_y,0.000180914,0.002740733
502,Frame7_PINKY_TIP_y,0.000180898,0.002153959
724,Frame11_MIDDLE_FINGER_PIP_y,0.000180867,0.002392791
1370,Frame21_RING_FINGER_DIP_z,0.000180703,0.002267238
795,Frame12_RING_FINGER_MCP_x,0.00018024,0.002193227
384,Frame6_THUMB_MCP_x,0.000180155,0.002071362
596,Frame9_MIDDLE_FINGER_MCP_z,0.000179793,0.001956934
1070,Frame16_PINKY_TIP_z,0.000179573,0.002065284
438,Frame6_PINKY_TIP_x,0.000179469,0.003072314
1283,Frame20_INDEX_FINGER_DIP_z,0.000179406,0.002127893
1439,Frame22_PINKY_MCP_z,0.000179384,0.002130942
951,Frame15_THUMB_MCP_x,0.000179358,0.002681019
37,Frame0_MIDDLE_FINGER_TIP_y,0.000179274,0.002398351
662,Frame10_MIDDLE_FINGER_PIP_z,0.000179253,0.002211028
698,Frame11_THUMB_CMC_z,0.000179131,0.002217352
1207,Frame19_THUMB_IP_y,0.000179087,0.002325985
846,Frame13_MIDDLE_FINGER_MCP_x,0.000178996,0.002378283
474,Frame7_MIDDLE_FINGER_DIP_x,0.00017891,0.002650711
801,Frame12_RING_FINGER_DIP_x,0.000178876,0.002251693
1583,Frame25_THUMB_MCP_z,0.000178828,0.002249498
1796,Frame28_MIDDLE_FINGER_PIP_z,0.0001785,0.002691492
1097,Frame17_INDEX_FINGER_TIP_z,0.00017847,0.002281856
1589,Frame25_THUMB_TIP_z,0.000178375,0.002485354
892,Frame14_THUMB_IP_y,0.000178342,0.00258037
1068,Frame16_PINKY_TIP_x,0.000177104,0.001944725
1387,Frame22_WRIST_y,0.000176778,0.002457997
1228,Frame19_MIDDLE_FINGER_PIP_y,0.000176657,0.002491425
1,Frame0_WRIST_y,0.000176639,0.00237404
211,Frame3_INDEX_FINGER_DIP_y,0.000176626,0.002233686
771,Frame12_INDEX_FINGER_MCP_x,0.000176539,0.002514067
430,Frame6_PINKY_MCP_y,0.000176356,0.002620099
1320,Frame20_PINKY_TIP_x,0.000176122,0.002519874
8,Frame0_THUMB_MCP_z,0.00017563,0.002039548
1158,Frame18_INDEX_FINGER_TIP_x,0.000175079,0.00196965
982,Frame15_MIDDLE_FINGER_TIP_y,0.000175051,0.002466203
829,Frame13_THUMB_IP_y,0.000174683,0.003350215
1532,Frame24_INDEX_FINGER_PIP_z,0.000174649,0.002643849
1687,Frame26_RING_FINGER_TIP_y,0.000174467,0.003042117
1039,Frame16_MIDDLE_FINGER_PIP_y,0.000174135,0.002309268
411,Frame6_MIDDLE_FINGER_DIP_x,0.000173889,0.002468156
1403,Frame22_INDEX_FINGER_MCP_z,0.000173759,0.002195557
727,Frame11_MIDDLE_FINGER_DIP_y,0.000173718,0.003382191
1442,Frame22_PINKY_PIP_z,0.000173655,0.002131235
61,Frame0_PINKY_TIP_y,0.000173333,0.002923624
546,Frame8_RING_FINGER_PIP_x,0.000173213,0.002873578
866,Frame13_RING_FINGER_DIP_z,0.000173211,0.002746186
862,Frame13_RING_FINGER_PIP_y,0.00017297,0.002357594
286,Frame4_MIDDLE_FINGER_DIP_y,0.000172713,0.00265573
241,Frame3_PINKY_MCP_y,0.000172635,0.00215056
655,Frame10_INDEX_FINGER_TIP_y,0.000172429,0.00232184
683,Frame10_PINKY_MCP_z,0.000172266,0.002834521
70,Frame1_THUMB_MCP_y,0.000172006,0.002186684
1185,Frame18_PINKY_MCP_x,0.000171988,0.002575703
1889,Frame29_PINKY_TIP_z,0.000171679,0.002057984
1023,Frame16_INDEX_FINGER_MCP_x,0.000171671,0.002879665
1211,Frame19_THUMB_TIP_z,0.00017113,0.002262663
639,Frame10_THUMB_IP_x,0.000171,0.001905044
406,Frame6_MIDDLE_FINGER_MCP_y,0.000170991,0.002577
1091,Frame17_INDEX_FINGER_PIP_z,0.000170945,0.002461238
499,Frame7_PINKY_DIP_y,0.000170723,0.002693655
1271,Frame20_THUMB_IP_z,0.000170652,0.002105645
1645,Frame26_THUMB_MCP_y,0.000170631,0.002461679
1337,Frame21_THUMB_TIP_z,0.00017045,0.002299793
1009,Frame16_WRIST_y,0.000170372,0.002512866
1755,Frame27_PINKY_PIP_x,0.000170145,0.002091838
298,Frame4_RING_FINGER_DIP_y,0.000170094,0.002651169
1201,Frame19_THUMB_CMC_y,0.000169934,0.002815076
814,Frame12_PINKY_DIP_y,0.00016988,0.002471567
1071,Frame17_WRIST_x,0.000169288,0.002476752
1223,Frame19_INDEX_FINGER_TIP_z,0.000169243,0.002450654
823,Frame13_THUMB_CMC_y,0.000168629,0.002382889
1264,Frame20_THUMB_CMC_y,0.000168569,0.002440997
597,Frame9_MIDDLE_FINGER_PIP_x,0.000168563,0.002286358
1808,Frame28_RING_FINGER_PIP_z,0.000168461,0.002841183
948,Frame15_THUMB_CMC_x,0.000168332,0.002408003
1294,Frame20_MIDDLE_FINGER_DIP_y,0.000167977,0.002706505
962,Frame15_INDEX_FINGER_MCP_z,0.000167507,0.002642529
741,Frame11_RING_FINGER_TIP_x,0.000167209,0.002927047
158,Frame2_MIDDLE_FINGER_PIP_z,0.000167054,0.001569245
243,Frame3_PINKY_PIP_x,0.000167046,0.002138318
957,Frame15_THUMB_TIP_x,0.000166975,0.001816307
1881,Frame29_PINKY_PIP_x,0.000166965,0.002173401
444,Frame7_THUMB_CMC_x,0.000166757,0.002536558
624,Frame9_PINKY_DIP_x,0.000166726,0.002147684
1566,Frame24_PINKY_PIP_x,0.000166669,0.002358497
856,Frame13_MIDDLE_FINGER_TIP_y,0.00016662,0.002041403
1708,Frame27_THUMB_MCP_y,0.000166532,0.002401083
1787,Frame28_INDEX_FINGER_DIP_z,0.00016639,0.001981104
1757,Frame27_PINKY_PIP_z,0.0001662,0.002276584
370,Frame5_PINKY_PIP_y,0.000166115,0.003104246
1629,Frame25_PINKY_PIP_x,0.000165837,0.001871269
256,Frame4_THUMB_CMC_y,0.000165786,0.002413116
614,Frame9_RING_FINGER_DIP_z,0.00016573,0.002318436
1314,Frame20_PINKY_PIP_x,0.000165486,0.001685834
1038,Frame16_MIDDLE_FINGER_PIP_x,0.000165363,0.002175129
587,Frame9_INDEX_FINGER_PIP_z,0.00016524,0.002112007
197,Frame3_THUMB_MCP_z,0.000164872,0.002243953
692,Frame10_PINKY_TIP_z,0.000164815,0.00197515
626,Frame9_PINKY_DIP_z,0.000164678,0.002111728
898,Frame14_INDEX_FINGER_MCP_y,0.000164309,0.002784779
1311,Frame20_PINKY_MCP_x,0.000163937,0.002318326
651,Frame10_INDEX_FINGER_DIP_x,0.000163559,0.002156293
1123,Frame17_PINKY_MCP_y,0.000162988,0.002119255
696,Frame11_THUMB_CMC_x,0.000162966,0.002147426
530,Frame8_INDEX_FINGER_TIP_z,0.000162892,0.002456947
1015,Frame16_THUMB_MCP_y,0.000162778,0.002003967
1582,Frame25_THUMB_MCP_y,0.000162728,0.002428157
1462,Frame23_THUMB_TIP_y,0.000162591,0.002432256
1619,Frame25_RING_FINGER_PIP_z,0.000162032,0.002470018
1436,Frame22_RING_FINGER_TIP_z,0.000161495,0.002287116
26,Frame0_INDEX_FINGER_TIP_z,0.000161477,0.002514192
177,Frame2_PINKY_MCP_x,0.000161454,0.002240812
296,Frame4_RING_FINGER_PIP_z,0.000161217,0.001761787
572,Frame9_THUMB_CMC_z,0.000161056,0.002245989
266,Frame4_THUMB_TIP_z,0.000160922,0.0018787
883,Frame14_WRIST_y,0.000160683,0.0018998
1234,Frame19_MIDDLE_FINGER_TIP_y,0.000160442,0.001958522
689,Frame10_PINKY_DIP_z,0.000160381,0.002935574
880,Frame13_PINKY_TIP_y,0.000159448,0.002274228
1421,Frame22_MIDDLE_FINGER_DIP_z,0.000159186,0.002168975
875,Frame13_PINKY_PIP_z,0.000158804,0.002646402
1138,Frame18_THUMB_CMC_y,0.000158672,0.002251164
331,Frame5_INDEX_FINGER_MCP_y,0.000158294,0.002751464
1318,Frame20_PINKY_DIP_y,0.000158276,0.002604194
783,Frame12_MIDDLE_FINGER_MCP_x,0.000157941,0.002192153
413,Frame6_MIDDLE_FINGER_DIP_z,0.000157885,0.00223472
1167,Frame18_MIDDLE_FINGER_DIP_x,0.000157845,0.001766973
157,Frame2_MIDDLE_FINGER_PIP_y,0.000157763,0.002535792
1118,Frame17_RING_FINGER_DIP_z,0.000157757,0.002459916
249,Frame3_PINKY_TIP_x,0.000157628,0.002034494
1491,Frame23_RING_FINGER_PIP_x,0.000157307,0.002319145
226,Frame3_MIDDLE_FINGER_TIP_y,0.000157118,0.002413101
1027,Frame16_INDEX_FINGER_PIP_y,0.000157058,0.002268072
1339,Frame21_INDEX_FINGER_MCP_y,0.000156708,0.002696825
958,Frame15_THUMB_TIP_y,0.000156534,0.002346787
16,Frame0_INDEX_FINGER_MCP_y,0.000156428,0.001798991
167,Frame2_RING_FINGER_MCP_z,0.000156255,0.001905975
459,Frame7_INDEX_FINGER_PIP_x,0.000156102,0.002381749
812,Frame12_PINKY_PIP_z,0.000155995,0.001718705
612,Frame9_RING_FINGER_DIP_x,0.000155885,0.002148692
827,Frame13_THUMB_MCP_z,0.000155157,0.001825819
806,Frame12_RING_FINGER_TIP_z,0.000154785,0.001679797
1576,Frame25_WRIST_y,0.000154723,0.002004293
1856,Frame29_MIDDLE_FINGER_MCP_z,0.000154717,0.002370187
835,Frame13_INDEX_FINGER_MCP_y,0.000153958,0.002253589
122,Frame1_PINKY_DIP_z,0.000153957,0.001928552
638,Frame10_THUMB_MCP_z,0.000153899,0.002167846
1702,Frame27_WRIST_y,0.000153581,0.002235914
910,Frame14_MIDDLE_FINGER_MCP_y,0.000153533,0.002582777
886,Frame14_THUMB_CMC_y,0.000153446,0.002023483
995,Frame15_RING_FINGER_TIP_z,0.00015326,0.001606235
383,Frame6_THUMB_CMC_z,0.000153256,0.002136253
19,Frame0_INDEX_FINGER_PIP_y,0.000153111,0.002098636
1712,Frame27_THUMB_IP_z,0.000153085,0.001743596
570,Frame9_THUMB_CMC_x,0.000152956,0.001981736
79,Frame1_INDEX_FINGER_MCP_y,0.000152824,0.002095432
488,Frame7_RING_FINGER_DIP_z,0.000152499,0.00218238
74,Frame1_THUMB_IP_z,0.000152216,0.001784745
1714,Frame27_THUMB_TIP_y,0.000151903,0.002334128
275,Frame4_INDEX_FINGER_DIP_z,0.000151875,0.001794782
505,Frame8_WRIST_y,0.000151332,0.001927099
645,Frame10_INDEX_FINGER_MCP_x,0.000151172,0.002208356
166,Frame2_RING_FINGER_MCP_y,0.000150957,0.002881244
393,Frame6_INDEX_FINGER_MCP_x,0.000150469,0.002170007
1523,Frame24_THUMB_IP_z,0.000150462,0.002247087
263,Frame4_THUMB_IP_z,0.000150385,0.00190492
677,Frame10_RING_FINGER_DIP_z,0.000150174,0.002584252
1733,Frame27_MIDDLE_FINGER_PIP_z,0.000150142,0.001936055
1144,Frame18_THUMB_IP_y,0.000149886,0.002857223
1498,Frame23_RING_FINGER_TIP_y,0.000149761,0.002336285
767,Frame12_THUMB_IP_z,0.000149658,0.001923491
34,Frame0_MIDDLE_FINGER_DIP_y,0.000149554,0.001780346
319,Frame5_THUMB_CMC_y,0.000149265,0.002251097
146,Frame2_INDEX_FINGER_PIP_z,0.000148869,0.002079193
1191,Frame18_PINKY_DIP_x,0.000148645,0.002107473
312,Frame4_PINKY_TIP_x,0.000148536,0.002235635
764,Frame12_THUMB_MCP_z,0.000147818,0.001788368
1041,Frame16_MIDDLE_FINGER_DIP_x,0.000147356,0.002174349
1330,Frame21_THUMB_MCP_y,0.000147352,0.00190235
1248,Frame19_PINKY_MCP_x,0.000147309,0.001655448
851,Frame13_MIDDLE_FINGER_PIP_z,0.000146676,0.00213355
1405,Frame22_INDEX_FINGER_PIP_y,0.000146632,0.002240654
1622,Frame25_RING_FINGER_DIP_z,0.000146585,0.002374677
635,Frame10_THUMB_CMC_z,0.000146478,0.002238469
1253,Frame19_PINKY_PIP_z,0.000146125,0.001856946
479,Frame7_MIDDLE_FINGER_TIP_z,0.000145938,0.002005552
1598,Frame25_INDEX_FINGER_DIP_z,0.00014574,0.001921726
1340,Frame21_INDEX_FINGER_MCP_z,0.000145612,0.002107682
531,Frame8_MIDDLE_FINGER_MCP_x,0.000145342,0.002251016
233,Frame3_RING_FINGER_PIP_z,0.000145341,0.00194857
1032,Frame16_INDEX_FINGER_TIP_x,0.000145117,0.001790748
1059,Frame16_PINKY_MCP_x,0.000145009,0.001637443
1082,Frame17_THUMB_IP_z,0.00014495,0.002298438
912,Frame14_MIDDLE_FINGER_PIP_x,0.000144884,0.002414903
1263,Frame20_THUMB_CMC_x,0.000144758,0.002311658
987,Frame15_RING_FINGER_PIP_x,0.000144677,0.002242678
646,Frame10_INDEX_FINGER_MCP_y,0.00014433,0.002367615
536,Frame8_MIDDLE_FINGER_PIP_z,0.000144216,0.00243557
991,Frame15_RING_FINGER_DIP_y,0.000143937,0.002186911
1287,Frame20_MIDDLE_FINGER_MCP_x,0.000143806,0.002306164
154,Frame2_MIDDLE_FINGER_MCP_y,0.000143664,0.002517121
1873,Frame29_RING_FINGER_DIP_y,0.000143545,0.002682883
1490,Frame23_RING_FINGER_MCP_z,0.000143273,0.002077622
1888,Frame29_PINKY_TIP_y,0.000143186,0.002243354
1051,Frame16_RING_FINGER_PIP_y,0.000143129,0.001831665
699,Frame11_THUMB_MCP_x,0.000142965,0.001884628
1252,Frame19_PINKY_PIP_y,0.000142964,0.002172268
1601,Frame25_INDEX_FINGER_TIP_z,0.000142922,0.002162079
567,Frame9_WRIST_x,0.00014282,0.001624451
1689,Frame26_PINKY_MCP_x,0.000142695,0.002463694
1293,Frame20_MIDDLE_FINGER_DIP_x,0.000142488,0.00163939
1163,Frame18_MIDDLE_FINGER_MCP_z,0.000142411,0.001584607
1222,Frame19_INDEX_FINGER_TIP_y,0.000142167,0.00184201
915,Frame14_MIDDLE_FINGER_DIP_x,0.000142146,0.001930668
544,Frame8_RING_FINGER_MCP_y,0.000142095,0.001709234
1646,Frame26_THUMB_MCP_z,0.000141949,0.00180033
374,Frame5_PINKY_DIP_z,0.000141837,0.002595793
202,Frame3_THUMB_TIP_y,0.000141801,0.002141467
1018,Frame16_THUMB_IP_y,0.0001418,0.001983003
1149,Frame18_INDEX_FINGER_MCP_x,0.000141726,0.002229865
1323,Frame21_WRIST_x,0.000141472,0.002232471
938,Frame14_PINKY_PIP_z,0.000141303,0.001740621
1850,Frame29_INDEX_FINGER_DIP_z,0.000141293,0.00199649
389,Frame6_THUMB_IP_z,0.000141254,0.002135484
1333,Frame21_THUMB_IP_y,0.000141236,0.002306383
1351,Frame21_MIDDLE_FINGER_MCP_y,0.000141201,0.001886184
588,Frame9_INDEX_FINGER_DIP_x,0.00014111,0.001524756
804,Frame12_RING_FINGER_TIP_x,0.000140878,0.002123667
1003,Frame15_PINKY_DIP_y,0.000140592,0.001827379
140,Frame2_THUMB_TIP_z,0.000140393,0.001757852
1660,Frame26_INDEX_FINGER_DIP_y,0.000140361,0.002219037
442,Frame7_WRIST_y,0.000140305,0.001769497
1585,Frame25_THUMB_IP_y,0.000140305,0.00187753
776,Frame12_INDEX_FINGER_PIP_z,0.000140261,0.002814188
933,Frame14_PINKY_MCP_x,0.000139989,0.002426019
931,Frame14_RING_FINGER_TIP_y,0.000139946,0.001623921
659,Frame10_MIDDLE_FINGER_MCP_z,0.000139943,0.00224281
268,Frame4_INDEX_FINGER_MCP_y,0.000139938,0.001623719
91,Frame1_MIDDLE_FINGER_MCP_y,0.000139874,0.001741778
704,Frame11_THUMB_IP_z,0.000139642,0.001746708
1092,Frame17_INDEX_FINGER_DIP_x,0.000139251,0.001897683
1730,Frame27_MIDDLE_FINGER_MCP_z,0.000139074,0.001619707
1811,Frame28_RING_FINGER_DIP_z,0.000138879,0.002552267
1394,Frame22_THUMB_MCP_z,0.000138525,0.002814872
1727,Frame27_INDEX_FINGER_TIP_z,0.000138205,0.002112598
1711,Frame27_THUMB_IP_y,0.000138188,0.002622344
1371,Frame21_RING_FINGER_TIP_x,0.000137622,0.001476611
1520,Frame24_THUMB_MCP_z,0.000137576,0.002543892
1208,Frame19_THUMB_IP_z,0.000137542,0.002318507
1001,Frame15_PINKY_PIP_z,0.000137379,0.001453191
302,Frame4_RING_FINGER_TIP_z,0.000137115,0.001781139
245,Frame3_PINKY_PIP_z,0.000137106,0.001947506
773,Frame12_INDEX_FINGER_MCP_z,0.000137086,0.002203688
137,Frame2_THUMB_IP_z,0.000136952,0.001511038
1886,Frame29_PINKY_DIP_z,0.000136868,0.00223564
1078,Frame17_THUMB_MCP_y,0.00013683,0.001878486
939,Frame14_PINKY_DIP_x,0.000136483,0.002418094
726,Frame11_MIDDLE_FINGER_DIP_x,0.000136335,0.001660578
1751,Frame27_RING_FINGER_TIP_z,0.000136141,0.002582661
1819,Frame28_PINKY_PIP_y,0.000136092,0.002351777
357,Frame5_RING_FINGER_PIP_x,0.000135921,0.002329003
815,Frame12_PINKY_DIP_z,0.000135834,0.001979724
1670,Frame26_MIDDLE_FINGER_PIP_z,0.000135675,0.00213227
860,Frame13_RING_FINGER_MCP_z,0.00013537,0.001861552
212,Frame3_INDEX_FINGER_DIP_z,0.000135199,0.002025903
1853,Frame29_INDEX_FINGER_TIP_z,0.000135171,0.001597412
1220,Frame19_INDEX_FINGER_DIP_z,0.000134947,0.001906131
308,Frame4_PINKY_PIP_z,0.000134591,0.002175237
373,Frame5_PINKY_DIP_y,0.000134526,0.002090046
1093,Frame17_INDEX_FINGER_DIP_y,0.000134156,0.002240022
1664,Frame26_INDEX_FINGER_TIP_z,0.000134114,0.00249823
1334,Frame21_THUMB_IP_z,0.000134091,0.001878524
1541,Frame24_MIDDLE_FINGER_MCP_z,0.000133861,0.002033156
941,Frame14_PINKY_DIP_z,0.000133813,0.001897637
837,Frame13_INDEX_FINGER_PIP_x,0.000133096,0.001726039
825,Frame13_THUMB_MCP_x,0.000133086,0.002069539
337,Frame5_INDEX_FINGER_DIP_y,0.000132989,0.001896695
811,Frame12_PINKY_PIP_y,0.000132601,0.002354218
1526,Frame24_THUMB_TIP_z,0.000132185,0.002040228
973,Frame15_MIDDLE_FINGER_MCP_y,0.000132159,0.002022459
935,Frame14_PINKY_MCP_z,0.000132155,0.002029184
559,Frame8_PINKY_PIP_y,0.000132014,0.001879672
949,Frame15_THUMB_CMC_y,0.000131722,0.00192215
585,Frame9_INDEX_FINGER_PIP_x,0.000131719,0.001582511
989,Frame15_RING_FINGER_PIP_z,0.000131684,0.001585631
180,Frame2_PINKY_PIP_x,0.00013112,0.001807279
1058,Frame16_RING_FINGER_TIP_z,0.000130879,0.001748165
1803,Frame28_RING_FINGER_MCP_x,0.000130829,0.002570409
88,Frame1_INDEX_FINGER_TIP_y,0.000130799,0.001817732
1818,Frame28_PINKY_PIP_x,0.000130789,0.002691733
437,Frame6_PINKY_DIP_z,0.000130606,0.001896005
1162,Frame18_MIDDLE_FINGER_MCP_y,0.0001303,0.001881895
1156,Frame18_INDEX_FINGER_DIP_y,0.000130193,0.001834876
543,Frame8_RING_FINGER_MCP_x,0.000129929,0.002275416
810,Frame12_PINKY_PIP_x,0.000129488,0.001805969
618,Frame9_PINKY_MCP_x,0.000129488,0.002322646
1544,Frame24_MIDDLE_FINGER_PIP_z,0.000129054,0.00167273
852,Frame13_MIDDLE_FINGER_DIP_x,0.000129048,0.001973333
83,Frame1_INDEX_FINGER_PIP_z,0.000128915,0.001568863
215,Frame3_INDEX_FINGER_TIP_z,0.000128863,0.002029277
1270,Frame20_THUMB_IP_y,0.000128823,0.001817387
642,Frame10_THUMB_TIP_x,0.00012867,0.0017118
1012,Frame16_THUMB_CMC_y,0.000128605,0.001766003
338,Frame5_INDEX_FINGER_DIP_z,0.000128345,0.002061355
1506,Frame23_PINKY_DIP_x,0.00012833,0.001591208
1353,Frame21_MIDDLE_FINGER_PIP_x,0.000128305,0.001940921
878,Frame13_PINKY_DIP_z,0.000128299,0.002024605
372,Frame5_PINKY_DIP_x,0.000128245,0.002329605
4,Frame0_THUMB_CMC_y,0.00012795,0.001610439
686,Frame10_PINKY_PIP_z,0.000127932,0.002342537
404,Frame6_INDEX_FINGER_TIP_z,0.000127782,0.00179395
833,Frame13_THUMB_TIP_z,0.000127623,0.00196741
1595,Frame25_INDEX_FINGER_PIP_z,0.000127563,0.001810216
868,Frame13_RING_FINGER_TIP_y,0.00012753,0.001989025
1823,Frame28_PINKY_DIP_z,0.000127262,0.002146188
134,Frame2_THUMB_MCP_z,0.000127238,0.001770825
1024,Frame16_INDEX_FINGER_MCP_y,0.000127197,0.002206247
979,Frame15_MIDDLE_FINGER_DIP_y,0.000126977,0.002234451
482,Frame7_RING_FINGER_MCP_z,0.000126894,0.001881228
1586,Frame25_THUMB_IP_z,0.000126806,0.002269425
794,Frame12_MIDDLE_FINGER_TIP_z,0.000126473,0.002162094
449,Frame7_THUMB_MCP_z,0.000126208,0.001970252
1350,Frame21_MIDDLE_FINGER_MCP_x,0.000126193,0.002019096
295,Frame4_RING_FINGER_PIP_y,0.000126093,0.001981872
1165,Frame18_MIDDLE_FINGER_PIP_y,0.00012592,0.001887316
636,Frame10_THUMB_MCP_x,0.000125909,0.001582258
1739,Frame27_MIDDLE_FINGER_TIP_z,0.000125906,0.002049839
379,Frame6_WRIST_y,0.000125891,0.001666182
1026,Frame16_INDEX_FINGER_PIP_x,0.000125773,0.001960371
432,Frame6_PINKY_PIP_x,0.000125496,0.001881725
344,Frame5_MIDDLE_FINGER_MCP_z,0.000125071,0.001681785
1213,Frame19_INDEX_FINGER_MCP_y,0.000124803,0.001972248
259,Frame4_THUMB_MCP_y,0.000124675,0.001730877
1379,Frame21_PINKY_PIP_z,0.000124515,0.002506796
1297,Frame20_MIDDLE_FINGER_TIP_y,0.000124475,0.001757407
864,Frame13_RING_FINGER_DIP_x,0.000124199,0.001755291
1244,Frame19_RING_FINGER_DIP_z,0.000124076,0.002033777
1295,Frame20_MIDDLE_FINGER_DIP_z,0.000124042,0.002425453
1303,Frame20_RING_FINGER_PIP_y,0.000123824,0.001528047
1772,Frame28_THUMB_MCP_z,0.00012382,0.001476691
1154,Frame18_INDEX_FINGER_PIP_z,0.000123707,0.001811363
980,Frame15_MIDDLE_FINGER_DIP_z,0.00012364,0.00142243
593,Frame9_INDEX_FINGER_TIP_z,0.000123174,0.001584688
1177,Frame18_RING_FINGER_PIP_y,0.000123124,0.002071562
1182,Frame18_RING_FINGER_TIP_x,0.000123033,0.002076301
850,Frame13_MIDDLE_FINGER_PIP_y,0.000122567,0.001959413
1427,Frame22_RING_FINGER_MCP_z,0.000122521,0.001973458
209,Frame3_INDEX_FINGER_PIP_z,0.000122307,0.001689991
992,Frame15_RING_FINGER_DIP_z,0.000122233,0.001200139
168,Frame2_RING_FINGER_PIP_x,0.000122162,0.00216573
1754,Frame27_PINKY_MCP_z,0.000121806,0.001789903
1444,Frame22_PINKY_DIP_y,0.000121694,0.001886696
1810,Frame28_RING_FINGER_DIP_y,0.000121627,0.002248095
456,Frame7_INDEX_FINGER_MCP_x,0.000121317,0.001893838
997,Frame15_PINKY_MCP_y,0.00012117,0.001670595
1614,Frame25_RING_FINGER_MCP_x,0.000121104,0.001881696
581,Frame9_THUMB_TIP_z,0.000120811,0.002201637
751,Frame11_PINKY_DIP_y,0.000120487,0.001967496
452,Frame7_THUMB_IP_z,0.000120246,0.001438609
47,Frame0_RING_FINGER_DIP_z,0.000120052,0.002058998
690,Frame10_PINKY_TIP_x,0.000119539,0.001980657
711,Frame11_INDEX_FINGER_PIP_x,0.000119485,0.002028916
354,Frame5_RING_FINGER_MCP_x,0.000119481,0.001904078
56,Frame0_PINKY_PIP_z,0.000119323,0.001302589
578,Frame9_THUMB_IP_z,0.000119311,0.001276111
1302,Frame20_RING_FINGER_PIP_x,0.0001192,0.001772504
548,Frame8_RING_FINGER_PIP_z,0.000118922,0.001929193
708,Frame11_INDEX_FINGER_MCP_x,0.000118726,0.00158917
714,Frame11_INDEX_FINGER_DIP_x,0.000118627,0.001437419
1101,Frame17_MIDDLE_FINGER_PIP_x,0.000118599,0.001627511
909,Frame14_MIDDLE_FINGER_MCP_x,0.000118462,0.002089075
1298,Frame20_MIDDLE_FINGER_TIP_z,0.000118389,0.00201551
1130,Frame17_PINKY_DIP_z,0.000118117,0.001985399
310,Frame4_PINKY_DIP_y,0.000118046,0.001694936
155,Frame2_MIDDLE_FINGER_MCP_z,0.000117872,0.001612505
658,Frame10_MIDDLE_FINGER_MCP_y,0.000117868,0.001365339
495,Frame7_PINKY_PIP_x,0.000117827,0.001762845
5,Frame0_THUMB_CMC_z,0.000117543,0.001686846
124,Frame1_PINKY_TIP_y,0.000117339,0.001923731
1025,Frame16_INDEX_FINGER_MCP_z,0.000117263,0.001557697
244,Frame3_PINKY_PIP_y,0.000116934,0.001927713
196,Frame3_THUMB_MCP_y,0.000116817,0.001620504
629,Frame9_PINKY_TIP_z,0.000116792,0.001769063
774,Frame12_INDEX_FINGER_PIP_x,0.000116763,0.002139836
1069,Frame16_PINKY_TIP_y,0.000116337,0.002279067
322,Frame5_THUMB_MCP_y,0.000115945,0.002212081
208,Frame3_INDEX_FINGER_PIP_y,0.000115843,0.001863625
1736,Frame27_MIDDLE_FINGER_DIP_z,0.000115722,0.001829237
1174,Frame18_RING_FINGER_MCP_y,0.000115709,0.001826684
97,Frame1_MIDDLE_FINGER_DIP_y,0.00011557,0.002000312
1740,Frame27_RING_FINGER_MCP_x,0.000115429,0.001934004
92,Frame1_MIDDLE_FINGER_MCP_z,0.000115145,0.001369594
340,Frame5_INDEX_FINGER_TIP_y,0.000115115,0.001894489
305,Frame4_PINKY_MCP_z,0.000115021,0.001628193
250,Frame3_PINKY_TIP_y,0.000114874,0.00131374
1192,Frame18_PINKY_DIP_y,0.000114384,0.001757617
283,Frame4_MIDDLE_FINGER_PIP_y,0.000114183,0.002079209
1588,Frame25_THUMB_TIP_y,0.000114133,0.001733156
325,Frame5_THUMB_IP_y,0.000113959,0.001599356
1021,Frame16_THUMB_TIP_y,0.000113331,0.00177138
7,Frame0_THUMB_MCP_y,0.000113116,0.001240188
564,Frame8_PINKY_TIP_x,0.000112896,0.00142623
282,Frame4_MIDDLE_FINGER_PIP_x,0.00011284,0.001577331
963,Frame15_INDEX_FINGER_PIP_x,0.000112702,0.001776852
735,Frame11_RING_FINGER_PIP_x,0.000112603,0.001787466
1194,Frame18_PINKY_TIP_x,0.000112369,0.001590352
1084,Frame17_THUMB_TIP_y,0.000112289,0.001729901
750,Frame11_PINKY_DIP_x,0.000112177,0.001911511
127,Frame2_WRIST_y,0.000112102,0.002060733
1415,Frame22_MIDDLE_FINGER_MCP_z,0.000112005,0.00147442
1835,Frame29_THUMB_MCP_z,0.000111648,0.001654633
1705,Frame27_THUMB_CMC_y,0.000111637,0.00195192
1877,Frame29_RING_FINGER_TIP_z,0.000111584,0.001721858
0,Frame0_WRIST_x,0.000111536,0.001756942
1802,Frame28_MIDDLE_FINGER_TIP_z,0.000111424,0.001521388
504,Frame8_WRIST_x,0.000111322,0.001753428
170,Frame2_RING_FINGER_PIP_z,0.000111253,0.001660626
946,Frame15_WRIST_y,0.000111093,0.001948034
1732,Frame27_MIDDLE_FINGER_PIP_y,0.000111039,0.002002269
1868,Frame29_RING_FINGER_MCP_z,0.000111008,0.001895966
723,Frame11_MIDDLE_FINGER_PIP_x,0.000110922,0.001663238
1242,Frame19_RING_FINGER_DIP_x,0.000110724,0.001459043
1840,Frame29_THUMB_TIP_y,0.00011058,0.0013758
1406,Frame22_INDEX_FINGER_PIP_z,0.000109815,0.001789751
1045,Frame16_MIDDLE_FINGER_TIP_y,0.000109781,0.001429676
94,Frame1_MIDDLE_FINGER_PIP_y,0.000109661,0.001853118
984,Frame15_RING_FINGER_MCP_x,0.00010935,0.001731708
731,Frame11_MIDDLE_FINGER_TIP_z,0.000109199,0.001507744
363,Frame5_RING_FINGER_TIP_x,0.000109125,0.001438706
1096,Frame17_INDEX_FINGER_TIP_y,0.000109037,0.001432926
386,Frame6_THUMB_MCP_z,0.00010897,0.001889083
872,Frame13_PINKY_MCP_z,0.000108847,0.002332874
779,Frame12_INDEX_FINGER_DIP_z,0.000108624,0.001761345
110,Frame1_RING_FINGER_DIP_z,0.000108433,0.001724325
990,Frame15_RING_FINGER_DIP_x,0.000108415,0.002254663
1380,Frame21_PINKY_DIP_x,0.000108396,0.001985956
1042,Frame16_MIDDLE_FINGER_DIP_y,0.000108275,0.001360183
1418,Frame22_MIDDLE_FINGER_PIP_z,0.000108214,0.0014542
119,Frame1_PINKY_PIP_z,0.000108131,0.001420646
661,Frame10_MIDDLE_FINGER_PIP_y,0.000108087,0.00182832
1880,Frame29_PINKY_MCP_z,0.000107557,0.002315568
560,Frame8_PINKY_PIP_z,0.000107369,0.00161448
149,Frame2_INDEX_FINGER_DIP_z,0.00010727,0.001517617
615,Frame9_RING_FINGER_TIP_x,0.000107235,0.001997405
368,Frame5_PINKY_MCP_z,0.000107032,0.00130282
1161,Frame18_MIDDLE_FINGER_MCP_x,0.0001069,0.001945835
1129,Frame17_PINKY_DIP_y,0.000106803,0.002850562
928,Frame14_RING_FINGER_DIP_y,0.000106667,0.001959596
1580,Frame25_THUMB_CMC_z,0.000106651,0.001496112
366,Frame5_PINKY_MCP_x,0.000106505,0.001734996
725,Frame11_MIDDLE_FINGER_PIP_z,0.000106428,0.001822831
182,Frame2_PINKY_PIP_z,0.000106159,0.001933405
101,Frame1_MIDDLE_FINGER_TIP_z,0.000106123,0.001290129
468,Frame7_MIDDLE_FINGER_MCP_x,0.000106064,0.001739874
1007,Frame15_PINKY_TIP_z,0.000105483,0.001798175
849,Frame13_MIDDLE_FINGER_PIP_x,0.000105345,0.001671033
1145,Frame18_THUMB_IP_z,0.000105337,0.001992579
86,Frame1_INDEX_FINGER_DIP_z,0.00010533,0.001444954
788,Frame12_MIDDLE_FINGER_PIP_z,0.000105301,0.001611891
1169,Frame18_MIDDLE_FINGER_DIP_z,0.000105008,0.001568837
1628,Frame25_PINKY_MCP_z,0.000104318,0.001264204
1195,Frame18_PINKY_TIP_y,0.000104316,0.002155723
1383,Frame21_PINKY_TIP_x,0.000103713,0.001249773
876,Frame13_PINKY_DIP_x,0.000103669,0.001315446
858,Frame13_RING_FINGER_MCP_x,0.000103635,0.001802088
770,Frame12_THUMB_TIP_z,0.000103496,0.001692281
1175,Frame18_RING_FINGER_MCP_z,0.000103233,0.001303415
713,Frame11_INDEX_FINGER_PIP_z,0.00010319,0.001514447
436,Frame6_PINKY_DIP_y,0.000103138,0.002211158
720,Frame11_MIDDLE_FINGER_MCP_x,0.00010283,0.001844742
160,Frame2_MIDDLE_FINGER_DIP_y,0.000102753,0.001950758
28,Frame0_MIDDLE_FINGER_MCP_y,0.00010248,0.00140598
139,Frame2_THUMB_TIP_y,0.00010246,0.001285985
1639,Frame26_WRIST_y,0.000102299,0.002114631
1692,Frame26_PINKY_PIP_x,0.000102263,0.001217762
1367,Frame21_RING_FINGER_PIP_z,0.00010222,0.002207395
1227,Frame19_MIDDLE_FINGER_PIP_x,0.000102207,0.001324447
1107,Frame17_MIDDLE_FINGER_TIP_x,0.000102135,0.00127845
1104,Frame17_MIDDLE_FINGER_DIP_x,0.000101972,0.001503481
1181,Frame18_RING_FINGER_DIP_z,0.000101855,0.002099152
1408,Frame22_INDEX_FINGER_DIP_y,0.000101834,0.00202595
1724,Frame27_INDEX_FINGER_DIP_z,0.000101793,0.001488226
621,Frame9_PINKY_PIP_x,0.000101727,0.001783443
882,Frame14_WRIST_x,0.000101178,0.00192206
1865,Frame29_MIDDLE_FINGER_TIP_z,0.00010116,0.001480829
1354,Frame21_MIDDLE_FINGER_PIP_y,0.000101048,0.001889705
1778,Frame28_THUMB_TIP_z,0.000100944,0.001352007
105,Frame1_RING_FINGER_PIP_x,0.000100931,0.001715051
401,Frame6_INDEX_FINGER_DIP_z,0.000100554,0.001731983
738,Frame11_RING_FINGER_DIP_x,0.000100495,0.001591233
40,Frame0_RING_FINGER_MCP_y,0.000100488,0.0013713
1043,Frame16_MIDDLE_FINGER_DIP_z,0.000100445,0.001410182
927,Frame14_RING_FINGER_DIP_x,0.000100415,0.001808991
1784,Frame28_INDEX_FINGER_PIP_z,0.000100316,0.001927755
985,Frame15_RING_FINGER_MCP_y,0.000100238,0.00140211
364,Frame5_RING_FINGER_TIP_y,9.98E-05,0.001549237
1761,Frame27_PINKY_TIP_x,9.97E-05,0.001412756
142,Frame2_INDEX_FINGER_MCP_y,9.95E-05,0.001376448
57,Frame0_PINKY_DIP_x,9.93E-05,0.001493819
1642,Frame26_THUMB_CMC_y,9.91E-05,0.001823061
1858,Frame29_MIDDLE_FINGER_PIP_y,9.90E-05,0.001290489
422,Frame6_RING_FINGER_PIP_z,9.89E-05,0.001791034
1217,Frame19_INDEX_FINGER_PIP_z,9.89E-05,0.00187125
791,Frame12_MIDDLE_FINGER_DIP_z,9.89E-05,0.002027252
1768,Frame28_THUMB_CMC_y,9.88E-05,0.002107938
818,Frame12_PINKY_TIP_z,9.88E-05,0.001322664
599,Frame9_MIDDLE_FINGER_PIP_z,9.86E-05,0.0015833
888,Frame14_THUMB_MCP_x,9.86E-05,0.001564214
1119,Frame17_RING_FINGER_TIP_x,9.85E-05,0.001435589
961,Frame15_INDEX_FINGER_MCP_y,9.84E-05,0.001163335
832,Frame13_THUMB_TIP_y,9.84E-05,0.001961225
678,Frame10_RING_FINGER_TIP_x,9.83E-05,0.001466605
554,Frame8_RING_FINGER_TIP_z,9.78E-05,0.002136326
353,Frame5_MIDDLE_FINGER_TIP_z,9.76E-05,0.002137555
1556,Frame24_RING_FINGER_PIP_z,9.75E-05,0.001331374
1112,Frame17_RING_FINGER_MCP_z,9.75E-05,0.001509563
1346,Frame21_INDEX_FINGER_DIP_z,9.68E-05,0.001803767
1373,Frame21_RING_FINGER_TIP_z,9.68E-05,0.001485813
1229,Frame19_MIDDLE_FINGER_PIP_z,9.67E-05,0.001804109
17,Frame0_INDEX_FINGER_MCP_z,9.67E-05,0.001366522
1432,Frame22_RING_FINGER_DIP_y,9.67E-05,0.001861969
1301,Frame20_RING_FINGER_MCP_z,9.66E-05,0.001159864
76,Frame1_THUMB_TIP_y,9.65E-05,0.002156768
1884,Frame29_PINKY_DIP_x,9.64E-05,0.002070224
1279,Frame20_INDEX_FINGER_PIP_y,9.61E-05,0.002056393
1331,Frame21_THUMB_MCP_z,9.58E-05,0.001401708
600,Frame9_MIDDLE_FINGER_DIP_x,9.56E-05,0.001533887
1553,Frame24_RING_FINGER_MCP_z,9.56E-05,0.001641116
537,Frame8_MIDDLE_FINGER_DIP_x,9.51E-05,0.001324708
251,Frame3_PINKY_TIP_z,9.50E-05,0.001787541
936,Frame14_PINKY_PIP_x,9.49E-05,0.001680794
1133,Frame17_PINKY_TIP_z,9.44E-05,0.001541416
203,Frame3_THUMB_TIP_z,9.43E-05,0.001263045
975,Frame15_MIDDLE_FINGER_PIP_x,9.41E-05,0.001062162
1349,Frame21_INDEX_FINGER_TIP_z,9.40E-05,0.00137852
1254,Frame19_PINKY_DIP_x,9.40E-05,0.001719788
1274,Frame20_THUMB_TIP_z,9.40E-05,0.001809334
716,Frame11_INDEX_FINGER_DIP_z,9.39E-05,0.000984857
1616,Frame25_RING_FINGER_MCP_z,9.39E-05,0.001626765
1057,Frame16_RING_FINGER_TIP_y,9.37E-05,0.00147726
740,Frame11_RING_FINGER_DIP_z,9.36E-05,0.001435155
294,Frame4_RING_FINGER_PIP_x,9.35E-05,0.001363411
214,Frame3_INDEX_FINGER_TIP_y,9.31E-05,0.001736712
1701,Frame27_WRIST_x,9.30E-05,0.001333481
986,Frame15_RING_FINGER_MCP_z,9.30E-05,0.001243863
959,Frame15_THUMB_TIP_z,9.27E-05,0.001710286
519,Frame8_INDEX_FINGER_MCP_x,9.25E-05,0.001793957
341,Frame5_INDEX_FINGER_TIP_z,9.23E-05,0.00163909
1817,Frame28_PINKY_MCP_z,9.22E-05,0.001413397
82,Frame1_INDEX_FINGER_PIP_y,9.20E-05,0.001416269
1053,Frame16_RING_FINGER_DIP_x,9.20E-05,0.001540326
633,Frame10_THUMB_CMC_x,9.20E-05,0.001351929
1336,Frame21_THUMB_TIP_y,9.17E-05,0.001692779
722,Frame11_MIDDLE_FINGER_MCP_z,9.12E-05,0.001452567
232,Frame3_RING_FINGER_PIP_y,9.12E-05,0.001599261
1321,Frame20_PINKY_TIP_y,9.11E-05,0.001619728
507,Frame8_THUMB_CMC_x,9.10E-05,0.001384433
786,Frame12_MIDDLE_FINGER_PIP_x,9.08E-05,0.001692655
1509,Frame23_PINKY_TIP_x,9.07E-05,0.001363741
41,Frame0_RING_FINGER_MCP_z,9.05E-05,0.001307025
549,Frame8_RING_FINGER_DIP_x,9.05E-05,0.001214645
1396,Frame22_THUMB_IP_y,9.04E-05,0.001970663
356,Frame5_RING_FINGER_MCP_z,9.02E-05,0.001310591
503,Frame7_PINKY_TIP_z,9.01E-05,0.001192643
747,Frame11_PINKY_PIP_x,9.00E-05,0.001454266
1397,Frame22_THUMB_IP_z,8.99E-05,0.001541845
743,Frame11_RING_FINGER_TIP_z,8.97E-05,0.001055547
248,Frame3_PINKY_DIP_z,8.97E-05,0.002057321
1572,Frame24_PINKY_TIP_x,8.94E-05,0.001334637
669,Frame10_RING_FINGER_MCP_x,8.91E-05,0.001313206
1131,Frame17_PINKY_TIP_x,8.88E-05,0.001812521
1064,Frame16_PINKY_PIP_z,8.86E-05,0.001383169
1306,Frame20_RING_FINGER_DIP_y,8.85E-05,0.001372841
1317,Frame20_PINKY_DIP_x,8.84E-05,0.001513717
1870,Frame29_RING_FINGER_PIP_y,8.82E-05,0.001549559
1086,Frame17_INDEX_FINGER_MCP_x,8.81E-05,0.001839602
1651,Frame26_THUMB_TIP_y,8.77E-05,0.001781606
131,Frame2_THUMB_CMC_z,8.77E-05,0.001227021
1292,Frame20_MIDDLE_FINGER_PIP_z,8.69E-05,0.00106954
999,Frame15_PINKY_PIP_x,8.69E-05,0.001455681
1682,Frame26_RING_FINGER_PIP_z,8.69E-05,0.001981946
304,Frame4_PINKY_MCP_y,8.68E-05,0.001719355
863,Frame13_RING_FINGER_PIP_z,8.67E-05,0.00194816
930,Frame14_RING_FINGER_TIP_x,8.67E-05,0.001537156
328,Frame5_THUMB_TIP_y,8.65E-05,0.001431856
347,Frame5_MIDDLE_FINGER_PIP_z,8.63E-05,0.001332873
1425,Frame22_RING_FINGER_MCP_x,8.63E-05,0.001195271
885,Frame14_THUMB_CMC_x,8.62E-05,0.001399858
1255,Frame19_PINKY_DIP_y,8.62E-05,0.001931114
993,Frame15_RING_FINGER_TIP_x,8.62E-05,0.001316815
1231,Frame19_MIDDLE_FINGER_DIP_y,8.55E-05,0.001510118
744,Frame11_PINKY_MCP_x,8.55E-05,0.00106308
85,Frame1_INDEX_FINGER_DIP_y,8.55E-05,0.001650819
1102,Frame17_MIDDLE_FINGER_PIP_y,8.54E-05,0.001651266
820,Frame13_WRIST_y,8.52E-05,0.001250705
867,Frame13_RING_FINGER_TIP_x,8.51E-05,0.001422487
1825,Frame28_PINKY_TIP_y,8.45E-05,0.00113033
1399,Frame22_THUMB_TIP_y,8.39E-05,0.001459186
350,Frame5_MIDDLE_FINGER_DIP_z,8.39E-05,0.001387767
71,Frame1_THUMB_MCP_z,8.31E-05,0.001402236
307,Frame4_PINKY_PIP_y,8.28E-05,0.001800136
1134,Frame18_WRIST_x,8.27E-05,0.001608511
1183,Frame18_RING_FINGER_TIP_y,8.25E-05,0.001499344
656,Frame10_INDEX_FINGER_TIP_z,8.23E-05,0.001497193
1250,Frame19_PINKY_MCP_z,8.22E-05,0.001399495
1259,Frame19_PINKY_TIP_z,8.20E-05,0.001501896
782,Frame12_INDEX_FINGER_TIP_z,8.19E-05,0.001556182
489,Frame7_RING_FINGER_TIP_x,8.18E-05,0.001262195
176,Frame2_RING_FINGER_TIP_z,8.18E-05,0.001139697
960,Frame15_INDEX_FINGER_MCP_x,8.18E-05,0.00175159
471,Frame7_MIDDLE_FINGER_PIP_x,8.15E-05,0.001653615
797,Frame12_RING_FINGER_MCP_z,8.13E-05,0.001538964
870,Frame13_PINKY_MCP_x,8.10E-05,0.001634377
1300,Frame20_RING_FINGER_MCP_y,8.10E-05,0.001205771
1246,Frame19_RING_FINGER_TIP_y,8.09E-05,0.001733392
739,Frame11_RING_FINGER_DIP_y,8.09E-05,0.001125227
627,Frame9_PINKY_TIP_x,8.09E-05,0.001294645
1342,Frame21_INDEX_FINGER_PIP_y,8.08E-05,0.001387689
265,Frame4_THUMB_TIP_y,8.05E-05,0.001386491
861,Frame13_RING_FINGER_PIP_x,8.02E-05,0.001534957
1184,Frame18_RING_FINGER_TIP_z,7.99E-05,0.001582842
889,Frame14_THUMB_MCP_y,7.99E-05,0.00115309
660,Frame10_MIDDLE_FINGER_PIP_x,7.96E-05,0.001254607
1120,Frame17_RING_FINGER_TIP_y,7.95E-05,0.001169013
647,Frame10_INDEX_FINGER_MCP_z,7.92E-05,0.001248018
104,Frame1_RING_FINGER_MCP_z,7.91E-05,0.001622113
376,Frame5_PINKY_TIP_y,7.91E-05,0.001162112
89,Frame1_INDEX_FINGER_TIP_z,7.90E-05,0.001501543
665,Frame10_MIDDLE_FINGER_DIP_z,7.88E-05,0.001197228
563,Frame8_PINKY_DIP_z,7.84E-05,0.001289794
1186,Frame18_PINKY_MCP_y,7.82E-05,0.001387644
441,Frame7_WRIST_x,7.82E-05,0.001766806
293,Frame4_RING_FINGER_MCP_z,7.81E-05,0.001102485
1613,Frame25_MIDDLE_FINGER_TIP_z,7.78E-05,0.001193847
551,Frame8_RING_FINGER_DIP_z,7.78E-05,0.001239458
807,Frame12_PINKY_MCP_x,7.77E-05,0.001479341
1046,Frame16_MIDDLE_FINGER_TIP_z,7.75E-05,0.001324972
1189,Frame18_PINKY_PIP_y,7.74E-05,0.00099955
1251,Frame19_PINKY_PIP_x,7.73E-05,0.001460369
1780,Frame28_INDEX_FINGER_MCP_y,7.71E-05,0.001562656
566,Frame8_PINKY_TIP_z,7.71E-05,0.001054332
1752,Frame27_PINKY_MCP_x,7.71E-05,0.001145584
1420,Frame22_MIDDLE_FINGER_DIP_y,7.71E-05,0.002003237
1044,Frame16_MIDDLE_FINGER_TIP_x,7.70E-05,0.001238582
641,Frame10_THUMB_IP_z,7.70E-05,0.001200184
1052,Frame16_RING_FINGER_PIP_z,7.68E-05,0.001239869
1237,Frame19_RING_FINGER_MCP_y,7.59E-05,0.001142944
491,Frame7_RING_FINGER_TIP_z,7.58E-05,0.001163576
1099,Frame17_MIDDLE_FINGER_MCP_y,7.52E-05,0.001559529
240,Frame3_PINKY_MCP_x,7.52E-05,0.001491363
675,Frame10_RING_FINGER_DIP_x,7.51E-05,0.001892485
1204,Frame19_THUMB_MCP_y,7.50E-05,0.001345292
1075,Frame17_THUMB_CMC_y,7.49E-05,0.000952773
1232,Frame19_MIDDLE_FINGER_DIP_z,7.49E-05,0.001005931
1273,Frame20_THUMB_TIP_y,7.49E-05,0.001308561
630,Frame10_WRIST_x,7.44E-05,0.001447303
1282,Frame20_INDEX_FINGER_DIP_y,7.42E-05,0.001506404
35,Frame0_MIDDLE_FINGER_DIP_z,7.39E-05,0.001078393
1171,Frame18_MIDDLE_FINGER_TIP_y,7.38E-05,0.00177753
1673,Frame26_MIDDLE_FINGER_DIP_z,7.38E-05,0.001494341
446,Frame7_THUMB_CMC_z,7.37E-05,0.001073975
1258,Frame19_PINKY_TIP_y,7.36E-05,0.001274224
1276,Frame20_INDEX_FINGER_MCP_y,7.35E-05,0.001364412
1187,Frame18_PINKY_MCP_z,7.35E-05,0.001081535
1657,Frame26_INDEX_FINGER_PIP_y,7.33E-05,0.001602063
1424,Frame22_MIDDLE_FINGER_TIP_z,7.31E-05,0.001226536
719,Frame11_INDEX_FINGER_TIP_z,7.27E-05,0.001027136
1114,Frame17_RING_FINGER_PIP_y,7.22E-05,0.001853082
1113,Frame17_RING_FINGER_PIP_x,7.21E-05,0.001004001
431,Frame6_PINKY_MCP_z,7.20E-05,0.000863641
1124,Frame17_PINKY_MCP_z,7.19E-05,0.001079878
1168,Frame18_MIDDLE_FINGER_DIP_y,7.14E-05,0.001394353
732,Frame11_RING_FINGER_MCP_x,7.14E-05,0.001263634
236,Frame3_RING_FINGER_DIP_z,7.13E-05,0.001013704
229,Frame3_RING_FINGER_MCP_y,7.13E-05,0.001118547
1288,Frame20_MIDDLE_FINGER_MCP_y,7.13E-05,0.000969321
316,Frame5_WRIST_y,7.07E-05,0.001902754
382,Frame6_THUMB_CMC_y,7.07E-05,0.001521502
20,Frame0_INDEX_FINGER_PIP_z,7.05E-05,0.00119128
227,Frame3_MIDDLE_FINGER_TIP_z,7.05E-05,0.001310175
371,Frame5_PINKY_PIP_z,6.98E-05,0.001084839
657,Frame10_MIDDLE_FINGER_MCP_x,6.95E-05,0.000951811
895,Frame14_THUMB_TIP_y,6.94E-05,0.001243576
428,Frame6_RING_FINGER_TIP_z,6.91E-05,0.001255843
11,Frame0_THUMB_IP_z,6.91E-05,0.00145923
816,Frame12_PINKY_TIP_x,6.89E-05,0.001143794
284,Frame4_MIDDLE_FINGER_PIP_z,6.89E-05,0.0014398
1072,Frame17_WRIST_y,6.84E-05,0.0009453
545,Frame8_RING_FINGER_MCP_z,6.82E-05,0.001543568
1170,Frame18_MIDDLE_FINGER_TIP_x,6.80E-05,0.001262103
1240,Frame19_RING_FINGER_PIP_y,6.77E-05,0.001081042
1116,Frame17_RING_FINGER_DIP_x,6.77E-05,0.00112749
1020,Frame16_THUMB_TIP_x,6.77E-05,0.000992355
190,Frame3_WRIST_y,6.74E-05,0.001271006
590,Frame9_INDEX_FINGER_DIP_z,6.73E-05,0.000934725
666,Frame10_MIDDLE_FINGER_TIP_x,6.73E-05,0.000998024
500,Frame7_PINKY_DIP_z,6.70E-05,0.00159819
1742,Frame27_RING_FINGER_MCP_z,6.69E-05,0.001017101
1286,Frame20_INDEX_FINGER_TIP_z,6.68E-05,0.000968735
1121,Frame17_RING_FINGER_TIP_z,6.59E-05,0.001302765
1028,Frame16_INDEX_FINGER_PIP_z,6.57E-05,0.001284365
761,Frame12_THUMB_CMC_z,6.54E-05,0.000913936
1117,Frame17_RING_FINGER_DIP_y,6.52E-05,0.001524231
223,Frame3_MIDDLE_FINGER_DIP_y,6.52E-05,0.000751716
1034,Frame16_INDEX_FINGER_TIP_z,6.51E-05,0.001141315
988,Frame15_RING_FINGER_PIP_y,6.51E-05,0.001366488
533,Frame8_MIDDLE_FINGER_MCP_z,6.51E-05,0.001082869
1188,Frame18_PINKY_PIP_x,6.49E-05,0.001601769
23,Frame0_INDEX_FINGER_DIP_z,6.49E-05,0.001398397
377,Frame5_PINKY_TIP_z,6.48E-05,0.000833533
1289,Frame20_MIDDLE_FINGER_MCP_z,6.46E-05,0.001182379
242,Frame3_PINKY_MCP_z,6.44E-05,0.001147173
199,Frame3_THUMB_IP_y,6.44E-05,0.001259212
1658,Frame26_INDEX_FINGER_PIP_z,6.42E-05,0.001333581
292,Frame4_RING_FINGER_MCP_y,6.42E-05,0.000857747
1885,Frame29_PINKY_DIP_y,6.42E-05,0.000865239
173,Frame2_RING_FINGER_DIP_z,6.40E-05,0.000775974
1126,Frame17_PINKY_PIP_y,6.39E-05,0.00102605
1166,Frame18_MIDDLE_FINGER_PIP_z,6.38E-05,0.000897264
834,Frame13_INDEX_FINGER_MCP_x,6.38E-05,0.001298574
1241,Frame19_RING_FINGER_PIP_z,6.35E-05,0.000996657
416,Frame6_MIDDLE_FINGER_TIP_z,6.34E-05,0.000998677
1087,Frame17_INDEX_FINGER_MCP_y,6.31E-05,0.001042314
311,Frame4_PINKY_DIP_z,6.30E-05,0.001056007
1235,Frame19_MIDDLE_FINGER_TIP_z,6.29E-05,0.001721508
359,Frame5_RING_FINGER_PIP_z,6.21E-05,0.00086526
1315,Frame20_PINKY_PIP_y,6.18E-05,0.001038543
1369,Frame21_RING_FINGER_DIP_y,6.17E-05,0.001486555
575,Frame9_THUMB_MCP_z,6.14E-05,0.00194085
1291,Frame20_MIDDLE_FINGER_PIP_y,6.07E-05,0.001267703
53,Frame0_PINKY_MCP_z,6.06E-05,0.001240584
1153,Frame18_INDEX_FINGER_PIP_y,6.05E-05,0.001261699
813,Frame12_PINKY_DIP_x,6.03E-05,0.000950685
924,Frame14_RING_FINGER_PIP_x,5.90E-05,0.001102993
1822,Frame28_PINKY_DIP_y,5.90E-05,0.001667602
603,Frame9_MIDDLE_FINGER_TIP_x,5.89E-05,0.001091848
1409,Frame22_INDEX_FINGER_DIP_z,5.86E-05,0.000902651
1036,Frame16_MIDDLE_FINGER_MCP_y,5.85E-05,0.00111768
1173,Frame18_RING_FINGER_MCP_x,5.81E-05,0.00109623
44,Frame0_RING_FINGER_PIP_z,5.80E-05,0.00100732
1709,Frame27_THUMB_MCP_z,5.77E-05,0.001052335
1063,Frame16_PINKY_PIP_y,5.76E-05,0.001580893
606,Frame9_RING_FINGER_MCP_x,5.75E-05,0.00144601
1361,Frame21_MIDDLE_FINGER_TIP_z,5.75E-05,0.001358409
1035,Frame16_MIDDLE_FINGER_MCP_x,5.71E-05,0.001189894
51,Frame0_PINKY_MCP_x,5.70E-05,0.001127427
1345,Frame21_INDEX_FINGER_DIP_y,5.62E-05,0.000703433
623,Frame9_PINKY_PIP_z,5.50E-05,0.00128892
1094,Frame17_INDEX_FINGER_DIP_z,5.46E-05,0.000855905
1125,Frame17_PINKY_PIP_x,5.35E-05,0.001036589
218,Frame3_MIDDLE_FINGER_MCP_z,5.31E-05,0.00094102
582,Frame9_INDEX_FINGER_MCP_x,5.28E-05,0.000691798
1216,Frame19_INDEX_FINGER_PIP_y,5.28E-05,0.001669064
1364,Frame21_RING_FINGER_MCP_z,5.28E-05,0.001112196
865,Frame13_RING_FINGER_DIP_y,5.28E-05,0.000769122
972,Frame15_MIDDLE_FINGER_MCP_x,5.27E-05,0.001140025
1277,Frame20_INDEX_FINGER_MCP_z,5.24E-05,0.000895295
1190,Frame18_PINKY_PIP_z,5.18E-05,0.000969932
913,Frame14_MIDDLE_FINGER_PIP_y,5.17E-05,0.00080138
1357,Frame21_MIDDLE_FINGER_DIP_y,5.13E-05,0.001260235
358,Frame5_RING_FINGER_PIP_y,5.12E-05,0.00138122
161,Frame2_MIDDLE_FINGER_DIP_z,5.10E-05,0.000923314
1062,Frame16_PINKY_PIP_x,5.09E-05,0.000836113
1677,Frame26_RING_FINGER_MCP_x,5.08E-05,0.000996064
1635,Frame25_PINKY_TIP_x,5.07E-05,0.001007619
873,Frame13_PINKY_PIP_x,5.06E-05,0.001033912
362,Frame5_RING_FINGER_DIP_z,5.04E-05,0.00076854
98,Frame1_MIDDLE_FINGER_DIP_z,5.04E-05,0.000763927
290,Frame4_MIDDLE_FINGER_TIP_z,5.01E-05,0.000874258
921,Frame14_RING_FINGER_MCP_x,5.00E-05,0.000729224
1014,Frame16_THUMB_MCP_x,5.00E-05,0.000647317
1180,Frame18_RING_FINGER_DIP_y,4.99E-05,0.000825749
644,Frame10_THUMB_TIP_z,4.99E-05,0.000931717
1128,Frame17_PINKY_DIP_x,4.97E-05,0.00086762
194,Frame3_THUMB_CMC_z,4.86E-05,0.000942804
1030,Frame16_INDEX_FINGER_DIP_y,4.86E-05,0.000698733
557,Frame8_PINKY_MCP_z,4.85E-05,0.000691885
1878,Frame29_PINKY_MCP_x,4.85E-05,0.000913088
1160,Frame18_INDEX_FINGER_TIP_z,4.85E-05,0.001172514
440,Frame6_PINKY_TIP_z,4.82E-05,0.000794771
668,Frame10_MIDDLE_FINGER_TIP_z,4.82E-05,0.000652245
1846,Frame29_INDEX_FINGER_PIP_y,4.80E-05,0.00113556
1109,Frame17_MIDDLE_FINGER_TIP_z,4.78E-05,0.000902868
983,Frame15_MIDDLE_FINGER_TIP_z,4.77E-05,0.000817306
955,Frame15_THUMB_IP_y,4.76E-05,0.000786145
1122,Frame17_PINKY_MCP_x,4.75E-05,0.001063855
1343,Frame21_INDEX_FINGER_PIP_z,4.71E-05,0.00068579
1049,Frame16_RING_FINGER_MCP_z,4.71E-05,0.001112814
1005,Frame15_PINKY_TIP_x,4.69E-05,0.000783353
1661,Frame26_INDEX_FINGER_DIP_z,4.52E-05,0.001043302
663,Frame10_MIDDLE_FINGER_DIP_x,4.52E-05,0.00083374
755,Frame11_PINKY_TIP_z,4.51E-05,0.000698302
978,Frame15_MIDDLE_FINGER_DIP_x,4.50E-05,0.000854257
707,Frame11_THUMB_TIP_z,4.48E-05,0.001156558
1037,Frame16_MIDDLE_FINGER_MCP_z,4.48E-05,0.000672292
200,Frame3_THUMB_IP_z,4.47E-05,0.000876421
1150,Frame18_INDEX_FINGER_MCP_y,4.47E-05,0.001177791
107,Frame1_RING_FINGER_PIP_z,4.45E-05,0.000859929
1249,Frame19_PINKY_MCP_y,4.44E-05,0.000835211
1111,Frame17_RING_FINGER_MCP_y,4.44E-05,0.000717487
1224,Frame19_MIDDLE_FINGER_MCP_x,4.44E-05,0.000758068
1054,Frame16_RING_FINGER_DIP_y,4.42E-05,0.000861564
753,Frame11_PINKY_TIP_x,4.40E-05,0.001026325
68,Frame1_THUMB_CMC_z,4.37E-05,0.000867659
785,Frame12_MIDDLE_FINGER_MCP_z,4.36E-05,0.001115663
1065,Frame16_PINKY_DIP_x,4.27E-05,0.000757386
929,Frame14_RING_FINGER_DIP_z,4.26E-05,0.000778495
1214,Frame19_INDEX_FINGER_MCP_z,4.25E-05,0.000955777
1089,Frame17_INDEX_FINGER_PIP_x,4.23E-05,0.000715451
1176,Frame18_RING_FINGER_PIP_x,4.22E-05,0.000651828
95,Frame1_MIDDLE_FINGER_PIP_z,4.20E-05,0.000706632
1827,Frame29_WRIST_x,4.17E-05,0.00086586
1777,Frame28_THUMB_TIP_y,4.13E-05,0.001070481
1723,Frame27_INDEX_FINGER_DIP_y,4.12E-05,0.000617619
1267,Frame20_THUMB_MCP_y,4.11E-05,0.000658097
1050,Frame16_RING_FINGER_PIP_x,4.03E-05,0.000692643
29,Frame0_MIDDLE_FINGER_MCP_z,3.96E-05,0.00102167
729,Frame11_MIDDLE_FINGER_TIP_x,3.96E-05,0.000670321
1563,Frame24_PINKY_MCP_x,3.95E-05,0.000798775
425,Frame6_RING_FINGER_DIP_z,3.94E-05,0.001022853
1002,Frame15_PINKY_DIP_x,3.93E-05,0.001054263
299,Frame4_RING_FINGER_DIP_z,3.85E-05,0.000718918
64,Frame1_WRIST_y,3.84E-05,0.000777503
1132,Frame17_PINKY_TIP_y,3.83E-05,0.001001591
1040,Frame16_MIDDLE_FINGER_PIP_z,3.78E-05,0.000641305
798,Frame12_RING_FINGER_PIP_x,3.78E-05,0.000680916
1225,Frame19_MIDDLE_FINGER_MCP_y,3.75E-05,0.000723235
609,Frame9_RING_FINGER_PIP_x,3.67E-05,0.000685922
897,Frame14_INDEX_FINGER_MCP_x,3.66E-05,0.000541889
118,Frame1_PINKY_PIP_y,3.64E-05,0.000693901
752,Frame11_PINKY_DIP_z,3.64E-05,0.000868754
1691,Frame26_PINKY_MCP_z,3.60E-05,0.000574538
881,Frame13_PINKY_TIP_z,3.60E-05,0.000682011
1110,Frame17_RING_FINGER_MCP_x,3.59E-05,0.000661625
239,Frame3_RING_FINGER_TIP_z,3.57E-05,0.000676118
1047,Frame16_RING_FINGER_MCP_x,3.57E-05,0.000682192
1837,Frame29_THUMB_IP_y,3.51E-05,0.000746738
278,Frame4_INDEX_FINGER_TIP_z,3.50E-05,0.000667331
1366,Frame21_RING_FINGER_PIP_y,3.49E-05,0.000687124
280,Frame4_MIDDLE_FINGER_MCP_y,3.48E-05,0.000553732
1056,Frame16_RING_FINGER_TIP_x,3.47E-05,0.000778218
1106,Frame17_MIDDLE_FINGER_DIP_z,3.44E-05,0.000513927
952,Frame15_THUMB_MCP_y,3.41E-05,0.000764491
1172,Frame18_MIDDLE_FINGER_TIP_z,3.37E-05,0.000685265
32,Frame0_MIDDLE_FINGER_PIP_z,3.33E-05,0.000651329
1355,Frame21_MIDDLE_FINGER_PIP_z,3.31E-05,0.00053702
365,Frame5_RING_FINGER_TIP_z,3.30E-05,0.000632783
1108,Frame17_MIDDLE_FINGER_TIP_y,3.29E-05,0.000674065
869,Frame13_RING_FINGER_TIP_z,3.28E-05,0.000794368
1178,Frame18_RING_FINGER_PIP_z,3.27E-05,0.000710133
238,Frame3_RING_FINGER_TIP_y,3.17E-05,0.000707209
287,Frame4_MIDDLE_FINGER_DIP_z,3.15E-05,0.000534629
178,Frame2_PINKY_MCP_y,3.14E-05,0.000751688
1141,Frame18_THUMB_MCP_y,3.05E-05,0.000591675
1031,Frame16_INDEX_FINGER_DIP_z,3.02E-05,0.000722863
879,Frame13_PINKY_TIP_x,2.95E-05,0.000587584
1738,Frame27_MIDDLE_FINGER_TIP_y,2.94E-05,0.000542069
1352,Frame21_MIDDLE_FINGER_MCP_z,2.93E-05,0.000709525
31,Frame0_MIDDLE_FINGER_PIP_y,2.70E-05,0.000431967
1765,Frame28_WRIST_y,2.65E-05,0.000483819
1115,Frame17_RING_FINGER_PIP_z,2.59E-05,0.00047931
130,Frame2_THUMB_CMC_y,2.59E-05,0.000599036
1157,Frame18_INDEX_FINGER_DIP_z,2.55E-05,0.000602217
1828,Frame29_WRIST_y,2.52E-05,0.000458821
230,Frame3_RING_FINGER_MCP_z,2.47E-05,0.00057144
1100,Frame17_MIDDLE_FINGER_MCP_z,2.43E-05,0.000446675
164,Frame2_MIDDLE_FINGER_TIP_z,2.38E-05,0.00044862
1066,Frame16_PINKY_DIP_y,2.34E-05,0.000440215
1098,Frame17_MIDDLE_FINGER_MCP_x,2.32E-05,0.000530534
314,Frame4_PINKY_TIP_z,2.22E-05,0.000415944
1805,Frame28_RING_FINGER_MCP_z,2.22E-05,0.00051606
998,Frame15_PINKY_MCP_z,2.14E-05,0.000552944
1864,Frame29_MIDDLE_FINGER_TIP_y,2.00E-05,0.000469953
1879,Frame29_PINKY_MCP_y,1.95E-05,0.000435608
1758,Frame27_PINKY_DIP_x,1.91E-05,0.000427784
749,Frame11_PINKY_PIP_z,1.91E-05,0.000604979
1372,Frame21_RING_FINGER_TIP_y,1.87E-05,0.000416808
1834,Frame29_THUMB_MCP_y,1.86E-05,0.000588865
55,Frame0_PINKY_PIP_y,1.82E-05,0.000575534
1771,Frame28_THUMB_MCP_y,1.82E-05,0.000484699
1127,Frame17_PINKY_PIP_z,1.78E-05,0.000561568
1831,Frame29_THUMB_CMC_y,1.78E-05,0.000396981
1384,Frame21_PINKY_TIP_y,1.73E-05,0.000546511
1243,Frame19_RING_FINGER_DIP_y,1.73E-05,0.000418974
381,Frame6_THUMB_CMC_x,1.69E-05,0.000408035
152,Frame2_INDEX_FINGER_TIP_z,1.64E-05,0.000366684
1816,Frame28_PINKY_MCP_y,1.60E-05,0.000507069
1381,Frame21_PINKY_DIP_y,1.58E-05,0.000358717
996,Frame15_PINKY_MCP_x,1.46E-05,0.000341824
418,Frame6_RING_FINGER_MCP_y,1.45E-05,0.000339464
1048,Frame16_RING_FINGER_MCP_y,1.42E-05,0.00033156
434,Frame6_PINKY_PIP_z,1.38E-05,0.00032333
224,Frame3_MIDDLE_FINGER_DIP_z,1.36E-05,0.000315929
1305,Frame20_RING_FINGER_DIP_x,9.68E-06,0.000306108
817,Frame12_PINKY_TIP_y,7.50E-06,0.000237132
2,Frame0_WRIST_z,0,0
65,Frame1_WRIST_z,0,0
128,Frame2_WRIST_z,0,0
191,Frame3_WRIST_z,0,0
254,Frame4_WRIST_z,0,0
317,Frame5_WRIST_z,0,0
380,Frame6_WRIST_z,0,0
443,Frame7_WRIST_z,0,0
506,Frame8_WRIST_z,0,0
569,Frame9_WRIST_z,0,0
632,Frame10_WRIST_z,0,0
695,Frame11_WRIST_z,0,0
758,Frame12_WRIST_z,0,0
819,Frame13_WRIST_x,0,0
821,Frame13_WRIST_z,0,0
884,Frame14_WRIST_z,0,0
947,Frame15_WRIST_z,0,0
1010,Frame16_WRIST_z,0,0
1073,Frame17_WRIST_z,0,0
1105,Frame17_MIDDLE_FINGER_DIP_y,0,0
1136,Frame18_WRIST_z,0,0
1199,Frame19_WRIST_z,0,0
1262,Frame20_WRIST_z,0,0
1325,Frame21_WRIST_z,0,0
1388,Frame22_WRIST_z,0,0
1451,Frame23_WRIST_z,0,0
1514,Frame24_WRIST_z,0,0
1577,Frame25_WRIST_z,0,0
1640,Frame26_WRIST_z,0,0
1703,Frame27_WRIST_z,0,0
1766,Frame28_WRIST_z,0,0
1829,Frame29_WRIST_z,0,0
